-- Lomito Local Development Seed Data
-- Run this via: supabase db reset (which runs migrations + seed)
-- or: supabase db seed

-- =============================================================================
-- 1. (Removed — 'injured' and other categories added via migration 20250215000002)
-- =============================================================================

-- =============================================================================
-- 2. Test Users (6 users: admin, 2 citizens, 1 moderator, 1 government, 1 citizen in Rosarito)
-- =============================================================================

-- User 1: Dev Admin
INSERT INTO auth.users (
  id,
  instance_id,
  email,
  encrypted_password,
  email_confirmed_at,
  created_at,
  updated_at,
  raw_app_meta_data,
  raw_user_meta_data,
  aud,
  role,
  confirmation_token,
  recovery_token,
  email_change_token_new,
  email_change_token_current,
  email_change,
  reauthentication_token
)
VALUES (
  '00000000-0000-0000-0000-000000000001',
  '00000000-0000-0000-0000-000000000000',
  'dev@lomito.org',
  crypt('password123', gen_salt('bf')),
  now(),
  now(),
  now(),
  '{"provider":"email","providers":["email"]}'::jsonb,
  '{"full_name":"Dev Admin"}'::jsonb,
  'authenticated',
  'authenticated',
  '',
  '',
  '',
  '',
  '',
  ''
);

INSERT INTO auth.identities (id, user_id, identity_data, provider, provider_id, last_sign_in_at, created_at, updated_at)
VALUES (
  '00000000-0000-0000-0000-000000000001',
  '00000000-0000-0000-0000-000000000001',
  '{"sub":"00000000-0000-0000-0000-000000000001","email":"dev@lomito.org"}'::jsonb,
  'email',
  '00000000-0000-0000-0000-000000000001',
  now(),
  now(),
  now()
);

INSERT INTO profiles (id, full_name, phone, municipality, role)
VALUES (
  '00000000-0000-0000-0000-000000000001',
  'Dev Admin',
  '+526641234567',
  'Tijuana',
  'admin'
);

-- User 2: María García López (citizen, Tijuana)
INSERT INTO auth.users (
  id,
  instance_id,
  email,
  encrypted_password,
  email_confirmed_at,
  created_at,
  updated_at,
  raw_app_meta_data,
  raw_user_meta_data,
  aud,
  role,
  confirmation_token,
  recovery_token,
  email_change_token_new,
  email_change_token_current,
  email_change,
  reauthentication_token
)
VALUES (
  '00000000-0000-0000-0000-000000000002',
  '00000000-0000-0000-0000-000000000000',
  'maria@example.com',
  crypt('password123', gen_salt('bf')),
  now(),
  now(),
  now(),
  '{"provider":"email","providers":["email"]}'::jsonb,
  '{"full_name":"María García López"}'::jsonb,
  'authenticated',
  'authenticated',
  '',
  '',
  '',
  '',
  '',
  ''
);

INSERT INTO auth.identities (id, user_id, identity_data, provider, provider_id, last_sign_in_at, created_at, updated_at)
VALUES (
  '00000000-0000-0000-0000-000000000002',
  '00000000-0000-0000-0000-000000000002',
  '{"sub":"00000000-0000-0000-0000-000000000002","email":"maria@example.com"}'::jsonb,
  'email',
  '00000000-0000-0000-0000-000000000002',
  now(),
  now(),
  now()
);

INSERT INTO profiles (id, full_name, phone, municipality, role)
VALUES (
  '00000000-0000-0000-0000-000000000002',
  'María García López',
  '+526642345678',
  'Tijuana',
  'citizen'
);

-- User 3: Carlos Mendoza Ruiz (citizen, Tijuana)
INSERT INTO auth.users (
  id,
  instance_id,
  email,
  encrypted_password,
  email_confirmed_at,
  created_at,
  updated_at,
  raw_app_meta_data,
  raw_user_meta_data,
  aud,
  role,
  confirmation_token,
  recovery_token,
  email_change_token_new,
  email_change_token_current,
  email_change,
  reauthentication_token
)
VALUES (
  '00000000-0000-0000-0000-000000000003',
  '00000000-0000-0000-0000-000000000000',
  'carlos@example.com',
  crypt('password123', gen_salt('bf')),
  now(),
  now(),
  now(),
  '{"provider":"email","providers":["email"]}'::jsonb,
  '{"full_name":"Carlos Mendoza Ruiz"}'::jsonb,
  'authenticated',
  'authenticated',
  '',
  '',
  '',
  '',
  '',
  ''
);

INSERT INTO auth.identities (id, user_id, identity_data, provider, provider_id, last_sign_in_at, created_at, updated_at)
VALUES (
  '00000000-0000-0000-0000-000000000003',
  '00000000-0000-0000-0000-000000000003',
  '{"sub":"00000000-0000-0000-0000-000000000003","email":"carlos@example.com"}'::jsonb,
  'email',
  '00000000-0000-0000-0000-000000000003',
  now(),
  now(),
  now()
);

INSERT INTO profiles (id, full_name, phone, municipality, role)
VALUES (
  '00000000-0000-0000-0000-000000000003',
  'Carlos Mendoza Ruiz',
  '+526643456789',
  'Tijuana',
  'citizen'
);

-- User 4: Ana Rodríguez Vega (moderator, Tijuana)
INSERT INTO auth.users (
  id,
  instance_id,
  email,
  encrypted_password,
  email_confirmed_at,
  created_at,
  updated_at,
  raw_app_meta_data,
  raw_user_meta_data,
  aud,
  role,
  confirmation_token,
  recovery_token,
  email_change_token_new,
  email_change_token_current,
  email_change,
  reauthentication_token
)
VALUES (
  '00000000-0000-0000-0000-000000000004',
  '00000000-0000-0000-0000-000000000000',
  'mod@lomito.org',
  crypt('password123', gen_salt('bf')),
  now(),
  now(),
  now(),
  '{"provider":"email","providers":["email"]}'::jsonb,
  '{"full_name":"Ana Rodríguez Vega"}'::jsonb,
  'authenticated',
  'authenticated',
  '',
  '',
  '',
  '',
  '',
  ''
);

INSERT INTO auth.identities (id, user_id, identity_data, provider, provider_id, last_sign_in_at, created_at, updated_at)
VALUES (
  '00000000-0000-0000-0000-000000000004',
  '00000000-0000-0000-0000-000000000004',
  '{"sub":"00000000-0000-0000-0000-000000000004","email":"mod@lomito.org"}'::jsonb,
  'email',
  '00000000-0000-0000-0000-000000000004',
  now(),
  now(),
  now()
);

INSERT INTO profiles (id, full_name, phone, municipality, role)
VALUES (
  '00000000-0000-0000-0000-000000000004',
  'Ana Rodríguez Vega',
  '+526644567890',
  'Tijuana',
  'moderator'
);

-- User 5: Roberto Sánchez Díaz (government, Tijuana)
INSERT INTO auth.users (
  id,
  instance_id,
  email,
  encrypted_password,
  email_confirmed_at,
  created_at,
  updated_at,
  raw_app_meta_data,
  raw_user_meta_data,
  aud,
  role,
  confirmation_token,
  recovery_token,
  email_change_token_new,
  email_change_token_current,
  email_change,
  reauthentication_token
)
VALUES (
  '00000000-0000-0000-0000-000000000005',
  '00000000-0000-0000-0000-000000000000',
  'gov@lomito.org',
  crypt('password123', gen_salt('bf')),
  now(),
  now(),
  now(),
  '{"provider":"email","providers":["email"]}'::jsonb,
  '{"full_name":"Roberto Sánchez Díaz"}'::jsonb,
  'authenticated',
  'authenticated',
  '',
  '',
  '',
  '',
  '',
  ''
);

INSERT INTO auth.identities (id, user_id, identity_data, provider, provider_id, last_sign_in_at, created_at, updated_at)
VALUES (
  '00000000-0000-0000-0000-000000000005',
  '00000000-0000-0000-0000-000000000005',
  '{"sub":"00000000-0000-0000-0000-000000000005","email":"gov@lomito.org"}'::jsonb,
  'email',
  '00000000-0000-0000-0000-000000000005',
  now(),
  now(),
  now()
);

INSERT INTO profiles (id, full_name, phone, municipality, role)
VALUES (
  '00000000-0000-0000-0000-000000000005',
  'Roberto Sánchez Díaz',
  '+526645678901',
  'Tijuana',
  'government'
);

-- User 6: Laura Torres Mora (citizen, Playas de Rosarito)
INSERT INTO auth.users (
  id,
  instance_id,
  email,
  encrypted_password,
  email_confirmed_at,
  created_at,
  updated_at,
  raw_app_meta_data,
  raw_user_meta_data,
  aud,
  role,
  confirmation_token,
  recovery_token,
  email_change_token_new,
  email_change_token_current,
  email_change,
  reauthentication_token
)
VALUES (
  '00000000-0000-0000-0000-000000000006',
  '00000000-0000-0000-0000-000000000000',
  'laura@example.com',
  crypt('password123', gen_salt('bf')),
  now(),
  now(),
  now(),
  '{"provider":"email","providers":["email"]}'::jsonb,
  '{"full_name":"Laura Torres Mora"}'::jsonb,
  'authenticated',
  'authenticated',
  '',
  '',
  '',
  '',
  '',
  ''
);

INSERT INTO auth.identities (id, user_id, identity_data, provider, provider_id, last_sign_in_at, created_at, updated_at)
VALUES (
  '00000000-0000-0000-0000-000000000006',
  '00000000-0000-0000-0000-000000000006',
  '{"sub":"00000000-0000-0000-0000-000000000006","email":"laura@example.com"}'::jsonb,
  'email',
  '00000000-0000-0000-0000-000000000006',
  now(),
  now(),
  now()
);

INSERT INTO profiles (id, full_name, phone, municipality, role)
VALUES (
  '00000000-0000-0000-0000-000000000006',
  'Laura Torres Mora',
  '+526646789012',
  'Playas de Rosarito',
  'citizen'
);

-- =============================================================================
-- 3. Jurisdictions (Mexico → BC → 7 municipalities → delegaciones)
--    Approximate polygons based on INEGI Marco Geoestadístico boundaries
--    Full INEGI import requires ogr2ogr (GDAL) + shapefile download
-- =============================================================================

-- Mexico (country-level, no geometry)
INSERT INTO jurisdictions (
  id, name, name_en, parent_id, level,
  country_code, inegi_clave, timezone,
  escalation_enabled, verified
)
VALUES (
  '00000000-0000-0000-0000-000000000100',
  'México', 'Mexico', NULL, 'country',
  'MX', '00', 'America/Mexico_City',
  false, true
);

-- Baja California (state)
INSERT INTO jurisdictions (
  id, name, name_en, parent_id, level,
  geometry, country_code, inegi_clave, population, timezone,
  escalation_enabled, verified
)
VALUES (
  '00000000-0000-0000-0000-000000000020',
  'Baja California', 'Baja California',
  '00000000-0000-0000-0000-000000000100',
  'state',
  ST_GeomFromText('MULTIPOLYGON(((-117.13 32.54, -117.10 32.52, -117.09 32.46, -117.06 32.40, -117.05 32.33, -117.05 32.24, -117.04 32.16, -117.02 32.08, -116.97 32.00, -116.90 31.90, -116.82 31.78, -116.75 31.70, -116.67 31.58, -116.60 31.50, -116.52 31.40, -116.47 31.28, -116.42 31.15, -116.38 31.00, -116.35 30.85, -116.30 30.70, -116.25 30.55, -116.18 30.38, -116.10 30.20, -116.02 30.05, -115.93 29.90, -115.85 29.72, -115.75 29.55, -115.68 29.40, -115.60 29.20, -115.52 29.05, -115.42 28.85, -115.30 28.70, -115.18 28.60, -115.05 28.50, -114.95 28.42, -114.85 28.38, -114.75 28.40, -114.60 28.50, -114.50 28.70, -114.40 28.95, -114.35 29.20, -114.32 29.50, -114.50 29.80, -114.65 30.05, -114.72 30.30, -114.72 30.55, -114.72 30.80, -114.72 31.05, -114.72 31.30, -114.72 31.55, -114.72 31.80, -114.72 32.00, -114.72 32.20, -114.72 32.52, -114.75 32.58, -114.82 32.62, -115.00 32.66, -115.20 32.69, -115.40 32.70, -115.60 32.71, -115.80 32.71, -116.00 32.71, -116.20 32.71, -116.40 32.71, -116.60 32.67, -116.75 32.62, -116.85 32.58, -116.95 32.55, -117.05 32.54, -117.13 32.54)))', 4326),
  'MX', '02', 3769020, 'America/Tijuana',
  true, true
);

-- Tijuana municipality (02004) — keeps existing ID
INSERT INTO jurisdictions (
  id, name, name_en, parent_id, level,
  geometry, country_code, inegi_clave, population, timezone,
  authority_name, authority_email, authority_phone, authority_url,
  escalation_enabled, verified
)
VALUES (
  '00000000-0000-0000-0000-000000000010',
  'Tijuana', 'Tijuana',
  '00000000-0000-0000-0000-000000000020',
  'municipality',
  ST_GeomFromText('MULTIPOLYGON(((-117.13 32.54, -117.10 32.52, -117.09 32.49, -117.08 32.46, -117.06 32.44, -117.05 32.42, -116.98 32.42, -116.92 32.42, -116.88 32.44, -116.85 32.47, -116.85 32.50, -116.85 32.53, -116.85 32.55, -116.85 32.58, -116.90 32.60, -116.95 32.55, -117.00 32.54, -117.05 32.54, -117.13 32.54)))', 4326),
  'MX', '02004', 1922523, 'America/Tijuana',
  'Departamento de Control Animal', 'control.animal@tijuana.gob.mx',
  '+526646888800', 'https://www.tijuana.gob.mx',
  true, true
);

-- Playas de Rosarito municipality (02005) — keeps existing ID
INSERT INTO jurisdictions (
  id, name, name_en, parent_id, level,
  geometry, country_code, inegi_clave, population, timezone,
  authority_name, authority_email, authority_phone, authority_url,
  escalation_enabled, verified
)
VALUES (
  '00000000-0000-0000-0000-000000000011',
  'Playas de Rosarito', 'Playas de Rosarito',
  '00000000-0000-0000-0000-000000000020',
  'municipality',
  ST_GeomFromText('MULTIPOLYGON(((-117.06 32.42, -117.05 32.38, -117.04 32.35, -117.04 32.32, -117.04 32.29, -116.92 32.29, -116.88 32.30, -116.85 32.33, -116.85 32.36, -116.85 32.39, -116.85 32.42, -116.88 32.44, -116.92 32.42, -116.98 32.42, -117.06 32.42)))', 4326),
  'MX', '02005', 117000, 'America/Tijuana',
  'Departamento de Control Animal', 'control.animal@rosarito.gob.mx',
  '+526613612000', 'https://www.rosarito.gob.mx',
  true, true
);

-- Mexicali municipality (02002)
INSERT INTO jurisdictions (
  id, name, name_en, parent_id, level,
  geometry, country_code, inegi_clave, population, timezone,
  escalation_enabled, verified
)
VALUES (
  '00000000-0000-0000-0000-000000000012',
  'Mexicali', 'Mexicali',
  '00000000-0000-0000-0000-000000000020',
  'municipality',
  ST_GeomFromText('MULTIPOLYGON(((-116.05 32.71, -115.80 32.71, -115.60 32.71, -115.40 32.70, -115.20 32.69, -115.00 32.66, -114.82 32.62, -114.75 32.58, -114.72 32.52, -114.72 32.20, -114.72 32.00, -114.75 31.85, -115.00 31.85, -115.20 31.85, -115.40 31.88, -115.60 31.95, -115.75 32.05, -115.85 32.15, -115.95 32.30, -116.00 32.42, -116.05 32.55, -116.05 32.71)))', 4326),
  'MX', '02002', 1049792, 'America/Tijuana',
  true, true
);

-- Ensenada municipality (02001) — largest in BC
INSERT INTO jurisdictions (
  id, name, name_en, parent_id, level,
  geometry, country_code, inegi_clave, population, timezone,
  escalation_enabled, verified
)
VALUES (
  '00000000-0000-0000-0000-000000000013',
  'Ensenada', 'Ensenada',
  '00000000-0000-0000-0000-000000000020',
  'municipality',
  ST_GeomFromText('MULTIPOLYGON(((-117.04 32.29, -117.02 32.22, -116.97 32.13, -116.92 32.05, -116.85 31.93, -116.78 31.82, -116.70 31.68, -116.62 31.55, -116.55 31.42, -116.48 31.30, -116.42 31.18, -116.37 31.05, -116.33 30.90, -116.30 30.78, -115.78 30.78, -115.40 30.82, -115.20 30.90, -115.00 31.05, -114.95 31.20, -114.95 31.45, -115.00 31.65, -115.15 31.78, -115.40 31.88, -115.60 31.95, -115.75 32.05, -115.85 32.15, -115.95 32.30, -116.00 32.42, -116.05 32.42, -116.20 32.42, -116.40 32.42, -116.60 32.35, -116.70 32.33, -116.78 32.30, -116.85 32.29, -116.92 32.29, -117.04 32.29)))', 4326),
  'MX', '02001', 443807, 'America/Tijuana',
  true, true
);

-- Tecate municipality (02003)
INSERT INTO jurisdictions (
  id, name, name_en, parent_id, level,
  geometry, country_code, inegi_clave, population, timezone,
  escalation_enabled, verified
)
VALUES (
  '00000000-0000-0000-0000-000000000014',
  'Tecate', 'Tecate',
  '00000000-0000-0000-0000-000000000020',
  'municipality',
  ST_GeomFromText('MULTIPOLYGON(((-116.85 32.58, -116.85 32.55, -116.85 32.50, -116.85 32.47, -116.85 32.44, -116.85 32.42, -116.85 32.39, -116.85 32.36, -116.85 32.33, -116.85 32.29, -116.78 32.30, -116.70 32.33, -116.60 32.35, -116.40 32.42, -116.20 32.42, -116.05 32.42, -116.05 32.55, -116.05 32.71, -116.20 32.71, -116.40 32.71, -116.60 32.67, -116.75 32.62, -116.85 32.58)))', 4326),
  'MX', '02003', 108440, 'America/Tijuana',
  true, true
);

-- San Quintín municipality (02006)
INSERT INTO jurisdictions (
  id, name, name_en, parent_id, level,
  geometry, country_code, inegi_clave, population, timezone,
  escalation_enabled, verified
)
VALUES (
  '00000000-0000-0000-0000-000000000015',
  'San Quintín', 'San Quintin',
  '00000000-0000-0000-0000-000000000020',
  'municipality',
  ST_GeomFromText('MULTIPOLYGON(((-116.30 30.78, -116.25 30.60, -116.18 30.42, -116.10 30.25, -116.02 30.08, -115.93 29.92, -115.85 29.75, -115.78 29.58, -115.40 29.58, -115.18 29.65, -115.05 29.80, -114.95 30.00, -114.95 30.20, -114.95 30.40, -114.95 30.60, -115.00 30.72, -115.00 31.05, -115.20 30.90, -115.40 30.82, -115.78 30.78, -116.30 30.78)))', 4326),
  'MX', '02006', 115562, 'America/Tijuana',
  false, true
);

-- San Felipe municipality (02007)
INSERT INTO jurisdictions (
  id, name, name_en, parent_id, level,
  geometry, country_code, inegi_clave, population, timezone,
  escalation_enabled, verified
)
VALUES (
  '00000000-0000-0000-0000-000000000016',
  'San Felipe', 'San Felipe',
  '00000000-0000-0000-0000-000000000020',
  'municipality',
  ST_GeomFromText('MULTIPOLYGON(((-115.78 29.58, -115.68 29.40, -115.55 29.22, -115.42 29.05, -115.30 28.85, -115.18 28.70, -115.05 28.58, -114.95 28.48, -114.85 28.42, -114.75 28.40, -114.60 28.50, -114.50 28.70, -114.40 28.95, -114.35 29.20, -114.32 29.50, -114.50 29.80, -114.65 30.05, -114.72 30.30, -114.72 30.55, -114.72 30.80, -114.72 31.05, -114.72 31.30, -114.72 31.55, -114.72 31.80, -114.72 32.00, -114.75 31.85, -115.00 31.85, -115.15 31.78, -115.00 31.65, -114.95 31.45, -114.95 31.20, -114.95 30.60, -114.95 30.40, -114.95 30.20, -114.95 30.00, -115.05 29.80, -115.18 29.65, -115.40 29.58, -115.78 29.58)))', 4326),
  'MX', '02007', 75000, 'America/Tijuana',
  false, true
);

-- =============================================================================
-- 3b. Delegaciones — Tijuana (with IMPLAN boundary geometry)
--     Mexicali, Ensenada, San Quintín — no geometry
-- Source: IMPLAN/SIMIG ArcGIS webmap d279c9baa4b94be7b6ba085812940a59
-- Coordinates: WGS84 (EPSG:4326), converted from Web Mercator EPSG:3857
-- Original 9 delegaciones preserved; 4 new IMPLAN areas added (010-013)
-- =============================================================================

-- Tijuana delegaciones (9 original + 4 new IMPLAN areas = 13 total)
INSERT INTO jurisdictions (id, name, name_en, parent_id, level, country_code, inegi_clave, timezone, escalation_enabled, verified, geometry) VALUES
('00000000-0000-0000-00d1-000000000001', 'Centro', 'Downtown', '00000000-0000-0000-0000-000000000010', 'delegacion', 'MX', '02004-01', 'America/Tijuana', false, true, ST_Multi(ST_GeomFromText('MULTIPOLYGON(((-117.011063 32.487568, -117.011342 32.488, -117.013282 32.489773, -117.014899 32.491909, -117.017352 32.494122, -117.019885 32.495948, -117.02046 32.496531, -117.021717 32.499327, -117.022239 32.502085, -117.022239 32.503554, -117.032551 32.502517, -117.035947 32.502486, -117.036989 32.502092, -117.037034 32.502464, -117.038615 32.50235, -117.03883 32.50266, -117.03813 32.507994, -117.039315 32.508047, -117.040825 32.508547, -117.041364 32.508267, -117.042091 32.508214, -117.042406 32.506342, -117.043151 32.507759, -117.044256 32.50785, -117.04511 32.507774, -117.046215 32.508456, -117.04767 32.509941, -117.047876 32.510486, -117.047769 32.511456, -117.048065 32.512804, -117.049206 32.51488, -117.050661 32.513971, -117.051676 32.513153, -117.05394 32.512721, -117.054299 32.514728, -117.054982 32.51466, -117.055359 32.515281, -117.054793 32.516524, -117.054838 32.517705, -117.054605 32.518766, -117.053563 32.51994, -117.05809 32.520182, -117.058584 32.520819, -117.05624 32.52475, -117.056653 32.525325, -117.056401 32.526371, -117.05774 32.526567, -117.059788 32.527802, -117.060704 32.526727, -117.06118 32.527037, -117.064073 32.531695, -117.064837 32.532089, -117.067002 32.530915, -117.066939 32.532043, -117.066669 32.532657, -117.066921 32.533316, -117.069113 32.5338, -117.06914 32.534384, -117.06878 32.5348, -117.068762 32.535361, -117.069193 32.535876, -117.069759 32.536277, -117.069813 32.536769, -117.069679 32.537049, -117.069679 32.538473, -117.069319 32.539041, -117.02735 32.542631, -117.017675 32.537087, -117.016489 32.536284, -117.014791 32.534474, -117.013363 32.531195, -117.012141 32.529559, -117.010713 32.528082, -117.007039 32.525174, -117.002359 32.520478, -117.001559 32.519925, -117.000688 32.519735, -117.000293 32.516455, -116.999098 32.514175, -116.998182 32.512736, -116.997553 32.512092, -116.99634 32.511418, -116.993124 32.510562, -116.990771 32.510615, -116.990887 32.509054, -116.989549 32.502335, -116.988668 32.50235, -116.987905 32.502176, -116.987995 32.500282, -116.987788 32.498221, -116.990303 32.49769, -116.990187 32.496516, -116.992513 32.493394, -116.992594 32.492258, -116.992891 32.491349, -116.992657 32.489356, -116.99254 32.489219, -116.992675 32.489113, -116.992361 32.488469, -116.992352 32.487977, -116.992792 32.487772, -116.994256 32.487727, -116.994642 32.484772, -117.002206 32.486636, -117.002826 32.486583, -117.005772 32.488431, -117.00818 32.490144, -117.009806 32.490576, -117.008854 32.489204, -117.01012 32.488666, -117.009806 32.488265, -117.011063 32.487568)))', 4326))),
('00000000-0000-0000-00d1-000000000002', 'La Mesa', 'La Mesa', '00000000-0000-0000-0000-000000000010', 'delegacion', 'MX', '02004-02', 'America/Tijuana', false, true, ST_Multi(ST_GeomFromText('MULTIPOLYGON(((-116.918645 32.472631, -116.917396 32.470737, -116.917163 32.468425, -116.916543 32.466371, -116.915294 32.465363, -116.908593 32.461627, -116.906284 32.461846, -116.902251 32.461839, -116.90049 32.460376, -116.899861 32.46002, -116.899241 32.454312, -116.905529 32.450908, -116.905673 32.450545, -116.905619 32.450204, -116.906544 32.447406, -116.90614 32.445898, -116.905071 32.444776, -116.908161 32.446246, -116.909608 32.446519, -116.911324 32.447573, -116.912428 32.447126, -116.913138 32.447164, -116.913273 32.446641, -116.914602 32.445435, -116.915348 32.445473, -116.915573 32.444093, -116.915438 32.442554, -116.916498 32.441804, -116.919507 32.441698, -116.920747 32.441918, -116.920352 32.441311, -116.922517 32.441501, -116.926388 32.441326, -116.925966 32.442463, -116.933063 32.442115, -116.933449 32.448945, -116.933745 32.44943, -116.932847 32.451401, -116.931886 32.452303, -116.931715 32.452811, -116.930925 32.453258, -116.929856 32.453319, -116.929514 32.4536, -116.92902 32.454388, -116.930853 32.45582, -116.927951 32.45836, -116.928751 32.459186, -116.92955 32.458398, -116.932676 32.456586, -116.933979 32.461331, -116.937204 32.462066, -116.938965 32.463362, -116.943196 32.461725, -116.945864 32.461248, -116.947858 32.461361, -116.947041 32.462104, -116.94749 32.4624, -116.947678 32.463499, -116.949107 32.464173, -116.949394 32.464757, -116.94934 32.465856, -116.949556 32.466288, -116.949529 32.466826, -116.948783 32.467319, -116.947112 32.469092, -116.946555 32.469426, -116.946079 32.472033, -116.946322 32.472813, -116.946717 32.473488, -116.946349 32.474367, -116.947283 32.474678, -116.948092 32.472571, -116.948514 32.471919, -116.948891 32.471563, -116.950212 32.470911, -116.950769 32.470085, -116.950265 32.471942, -116.958243 32.475337, -116.954461 32.480005, -116.955332 32.480566, -116.955898 32.480134, -116.956311 32.480134, -116.956554 32.480339, -116.959329 32.479763, -116.959626 32.479816, -116.963264 32.484074, -116.963956 32.485067, -116.961324 32.486128, -116.960686 32.487515, -116.961351 32.487302, -116.961117 32.488386, -116.960731 32.488697, -116.96162 32.489106, -116.962698 32.489886, -116.962698 32.490265, -116.962914 32.490644, -116.963902 32.490546, -116.96675 32.491424, -116.968205 32.490106, -116.968636 32.490629, -116.969633 32.491273, -116.970478 32.492205, -116.971969 32.492856, -116.973047 32.492076, -116.976487 32.491008, -116.980072 32.489651, -116.981518 32.488591, -116.98353 32.486416, -116.985444 32.484127, -116.986683 32.482415, -116.987483 32.481589, -116.991031 32.479558, -116.991893 32.478853, -116.992459 32.479103, -116.992423 32.479293, -116.994723 32.480839, -116.995289 32.48393, -116.995208 32.484953, -116.994642 32.484772, -116.994256 32.487727, -116.992792 32.487772, -116.992352 32.487977, -116.992361 32.488469, -116.992675 32.489113, -116.99254 32.489219, -116.992657 32.489356, -116.992891 32.491349, -116.992594 32.492258, -116.992576 32.493205, -116.991759 32.494266, -116.991759 32.494523, -116.990187 32.496516, -116.990303 32.49769, -116.987788 32.498221, -116.987995 32.500282, -116.987905 32.502176, -116.988668 32.50235, -116.989549 32.502335, -116.990887 32.509054, -116.990771 32.510615, -116.993124 32.510562, -116.99634 32.511418, -116.997553 32.512092, -116.998182 32.512736, -116.999098 32.514175, -117.000293 32.516455, -117.000544 32.518728, -116.99996 32.518379, -116.997849 32.517789, -116.996574 32.517834, -116.994076 32.517667, -116.986468 32.516925, -116.958081 32.514804, -116.953428 32.51438, -116.951972 32.513978, -116.953293 32.513698, -116.951505 32.512865, -116.950804 32.511857, -116.950616 32.510676, -116.950867 32.509479, -116.950616 32.508532, -116.949179 32.507289, -116.946205 32.506994, -116.94643 32.505017, -116.947103 32.504183, -116.948127 32.50388, -116.947894 32.503562, -116.94572 32.504259, -116.937572 32.50138, -116.935587 32.499759, -116.932057 32.495508, -116.930916 32.495137, -116.927879 32.492841, -116.925436 32.487575, -116.922993 32.485484, -116.923011 32.47927, -116.918645 32.472631)))', 4326))),
('00000000-0000-0000-00d1-000000000003', 'Playas de Tijuana', 'Playas de Tijuana', '00000000-0000-0000-0000-000000000010', 'delegacion', 'MX', '02004-03', 'America/Tijuana', false, true, ST_Multi(ST_GeomFromText('MULTIPOLYGON(((-117.066993 32.459269, -117.066516 32.459118, -117.06454 32.459012, -117.0656 32.457185, -117.059294 32.455767, -117.05968 32.454865, -117.057381 32.454274, -117.057381 32.453304, -117.056339 32.451106, -117.056294 32.450143, -117.053221 32.450044, -117.053545 32.445602, -117.05845 32.443692, -117.058216 32.4431, -117.058171 32.44191, -117.056896 32.43956, -117.058962 32.438074, -117.059528 32.4342, -117.061216 32.433745, -117.062528 32.432896, -117.062151 32.431364, -117.062977 32.430492, -117.062016 32.429787, -117.062869 32.428543, -117.063049 32.42253, -117.065771 32.418754, -117.06587 32.417761, -117.067002 32.416813, -117.066678 32.416517, -117.066939 32.416221, -117.066579 32.415751, -117.066058 32.412361, -117.067397 32.410518, -117.069499 32.412339, -117.070595 32.411929, -117.073299 32.411451, -117.092163 32.408713, -117.093592 32.413946, -117.095281 32.413605, -117.095649 32.414523, -117.096089 32.417002, -117.096251 32.417177, -117.095999 32.417571, -117.096511 32.418292, -117.096296 32.418474, -117.096682 32.419793, -117.097122 32.420764, -117.098559 32.4225, -117.098416 32.42294, -117.098694 32.424312, -117.098514 32.42457, -117.098676 32.425275, -117.098991 32.425867, -117.098847 32.426238, -117.099062 32.42824, -117.099314 32.429059, -117.099889 32.429173, -117.099503 32.429719, -117.099835 32.430363, -117.100608 32.433017, -117.100679 32.433821, -117.101236 32.435413, -117.101712 32.438589, -117.102117 32.439476, -117.10421 32.441341, -117.105045 32.44238, -117.106006 32.443828, -117.106779 32.44545, -117.107291 32.445875, -117.107471 32.446443, -117.107866 32.446557, -117.108198 32.447042, -117.108881 32.447353, -117.108962 32.447709, -117.109743 32.448301, -117.110157 32.448263, -117.110067 32.448642, -117.110561 32.448854, -117.110624 32.448771, -117.111711 32.449423, -117.112142 32.449991, -117.112331 32.449802, -117.1126 32.449794, -117.112744 32.449885, -117.112528 32.449931, -117.112663 32.450241, -117.113355 32.450461, -117.112609 32.450681, -117.11278 32.450962, -117.112681 32.451015, -117.112025 32.451136, -117.111899 32.452144, -117.112133 32.453569, -117.112366 32.453736, -117.112528 32.453653, -117.112834 32.454342, -117.113831 32.454926, -117.113426 32.45482, -117.113426 32.454949, -117.11322 32.454964, -117.113184 32.455616, -117.113956 32.455911, -117.11375 32.456245, -117.11393 32.456457, -117.114316 32.456556, -117.11428 32.456738, -117.114451 32.456654, -117.114307 32.456851, -117.114693 32.45692, -117.114487 32.457147, -117.114792 32.457329, -117.114388 32.457541, -117.11454 32.458155, -117.115223 32.45842, -117.115187 32.459095, -117.115358 32.459057, -117.115564 32.459239, -117.115142 32.459656, -117.115214 32.460285, -117.115241 32.460368, -117.115502 32.46027, -117.115654 32.460459, -117.115618 32.46099, -117.116148 32.461968, -117.116571 32.461922, -117.117065 32.462157, -117.117864 32.461915, -117.118331 32.462051, -117.117613 32.462309, -117.118098 32.462582, -117.117424 32.462331, -117.117092 32.462513, -117.116885 32.462923, -117.116948 32.463089, -117.116759 32.463196, -117.116813 32.463521, -117.11737 32.464257, -117.117253 32.464802, -117.117936 32.465121, -117.118241 32.465613, -117.118583 32.465735, -117.118215 32.466053, -117.118107 32.466409, -117.118646 32.467804, -117.119014 32.468145, -117.119912 32.468061, -117.119903 32.468425, -117.120029 32.468516, -117.119858 32.468766, -117.120442 32.468865, -117.120308 32.469054, -117.120424 32.469145, -117.119939 32.469547, -117.119921 32.469842, -117.120074 32.470055, -117.119796 32.470305, -117.120047 32.470881, -117.120361 32.470934, -117.120146 32.471108, -117.120352 32.471222, -117.120218 32.471396, -117.120442 32.471745, -117.120191 32.471919, -117.120128 32.472472, -117.1202 32.472866, -117.120514 32.473276, -117.120065 32.473442, -117.120182 32.474246, -117.119822 32.47489, -117.12002 32.477103, -117.120856 32.478111, -117.120757 32.479323, -117.120856 32.480126, -117.121107 32.48068, -117.120963 32.48099, -117.121242 32.481263, -117.121152 32.481399, -117.121682 32.481801, -117.121736 32.482081, -117.122149 32.482195, -117.121718 32.482278, -117.121943 32.482763, -117.122113 32.482862, -117.122464 32.482756, -117.122994 32.482854, -117.122886 32.483521, -117.123056 32.483794, -117.123613 32.483877, -117.123371 32.484173, -117.123389 32.484408, -117.123604 32.48462, -117.123703 32.485196, -117.123991 32.485378, -117.124089 32.485234, -117.124152 32.485446, -117.123542 32.485582, -117.12338 32.485764, -117.123524 32.48634, -117.123308 32.486689, -117.123326 32.48709, -117.123802 32.48759, -117.123604 32.48803, -117.123299 32.488212, -117.123263 32.48853, -117.12382 32.489136, -117.123694 32.489326, -117.123757 32.48956, -117.1232 32.490129, -117.123191 32.490515, -117.123326 32.491682, -117.123748 32.491811, -117.124206 32.491629, -117.123712 32.491925, -117.123613 32.492144, -117.123748 32.492319, -117.124098 32.492288, -117.123748 32.49291, -117.123101 32.493175, -117.123056 32.493591, -117.123362 32.494061, -117.123056 32.494364, -117.123146 32.494501, -117.123515 32.494523, -117.123263 32.49466, -117.122257 32.495948, -117.122562 32.495857, -117.122464 32.496205, -117.122742 32.496274, -117.12258 32.496471, -117.122706 32.496615, -117.122571 32.496948, -117.123083 32.500077, -117.122958 32.500206, -117.123209 32.500676, -117.123164 32.5011, -117.123452 32.502759, -117.123353 32.50282, -117.123533 32.503138, -117.123416 32.504214, -117.123712 32.505403, -117.123577 32.505585, -117.123892 32.509221, -117.123784 32.510304, -117.123946 32.510448, -117.123838 32.510873, -117.123964 32.51182, -117.123811 32.512479, -117.124009 32.514516, -117.123784 32.514804, -117.123802 32.518849, -117.124 32.522386, -117.124179 32.523401, -117.123757 32.527317, -117.123739 32.534368, -117.069319 32.539041, -117.069679 32.538473, -117.069679 32.537049, -117.069813 32.536769, -117.069759 32.536277, -117.069193 32.535876, -117.068762 32.535361, -117.06878 32.5348, -117.06914 32.534384, -117.069113 32.5338, -117.066921 32.533316, -117.066669 32.532657, -117.066939 32.532043, -117.067002 32.530915, -117.064837 32.532089, -117.064073 32.531695, -117.06118 32.527037, -117.060731 32.523742, -117.060704 32.522099, -117.062627 32.520902, -117.063471 32.52122, -117.065178 32.522311, -117.065394 32.521584, -117.065115 32.520326, -117.06534 32.518084, -117.065582 32.517872, -117.065986 32.518039, -117.066382 32.518023, -117.067945 32.517213, -117.068906 32.517198, -117.07055 32.514304, -117.070658 32.513668, -117.070505 32.512532, -117.068834 32.510759, -117.070056 32.510161, -117.069759 32.509532, -117.070559 32.509138, -117.070595 32.508638, -117.071799 32.508168, -117.07232 32.507486, -117.071915 32.506774, -117.070406 32.506062, -117.069229 32.504009, -117.069445 32.502145, -117.069292 32.499971, -117.06949 32.499918, -117.069131 32.497554, -117.072356 32.496448, -117.073514 32.497592, -117.074359 32.497304, -117.075284 32.496781, -117.075077 32.495758, -117.086414 32.491318, -117.084734 32.490833, -117.084833 32.490068, -117.085848 32.490265, -117.085516 32.489151, -117.08566 32.488204, -117.084555 32.488318, -117.084321 32.487492, -117.084366 32.486886, -117.084204 32.486234, -117.085731 32.482422, -117.083459 32.482665, -117.083746 32.482354, -117.083288 32.482316, -117.084905 32.481407, -117.085722 32.481233, -117.085767 32.479452, -117.08601 32.479028, -117.085767 32.478156, -117.085183 32.477595, -117.08415 32.477421, -117.083656 32.476898, -117.083531 32.475481, -117.081716 32.477565, -117.081105 32.47905, -117.080351 32.479634, -117.079578 32.479543, -117.077979 32.480475, -117.077736 32.480763, -117.077251 32.480642, -117.077521 32.479869, -117.078437 32.478861, -117.078671 32.478232, -117.078716 32.476837, -117.073002 32.476603, -117.072993 32.476951, -117.071331 32.476891, -117.071556 32.472048, -117.070469 32.463855, -117.070334 32.461551, -117.069804 32.46024, -117.066993 32.459269)))', 4326))),
('00000000-0000-0000-00d1-000000000004', 'San Antonio de los Buenos', 'San Antonio de los Buenos', '00000000-0000-0000-0000-000000000010', 'delegacion', 'MX', '02004-04', 'America/Tijuana', false, true, ST_Multi(ST_GeomFromText('MULTIPOLYGON(((-117.02002 32.416411, -117.024484 32.414758, -117.026083 32.415205, -117.037824 32.414341, -117.038148 32.411747, -117.039271 32.411042, -117.04104 32.411345, -117.040905 32.411588, -117.04148 32.411952, -117.044625 32.41205, -117.046098 32.412369, -117.047499 32.413203, -117.052431 32.416896, -117.050589 32.420832, -117.062932 32.426344, -117.062869 32.428543, -117.062016 32.429787, -117.062977 32.430492, -117.062151 32.431364, -117.062528 32.432896, -117.061216 32.433745, -117.059528 32.4342, -117.058962 32.438074, -117.056896 32.43956, -117.058171 32.44191, -117.058216 32.4431, -117.05845 32.443692, -117.053545 32.445602, -117.053221 32.450044, -117.056294 32.450143, -117.056339 32.451106, -117.057381 32.453304, -117.057381 32.454274, -117.05968 32.454865, -117.059294 32.455767, -117.0656 32.457185, -117.06454 32.459012, -117.066516 32.459118, -117.069804 32.46024, -117.070334 32.461551, -117.070469 32.463855, -117.071556 32.472048, -117.071331 32.476891, -117.072993 32.476951, -117.073002 32.476603, -117.078716 32.476837, -117.078671 32.478232, -117.078437 32.478861, -117.077521 32.479869, -117.077251 32.480642, -117.077736 32.480763, -117.077979 32.480475, -117.079578 32.479543, -117.080351 32.479634, -117.081105 32.47905, -117.081716 32.477565, -117.083531 32.475481, -117.083656 32.476898, -117.08415 32.477421, -117.085183 32.477595, -117.085767 32.478156, -117.08601 32.479028, -117.085767 32.479452, -117.085722 32.481233, -117.084905 32.481407, -117.083288 32.482316, -117.083746 32.482354, -117.083459 32.482665, -117.085731 32.482422, -117.084204 32.486234, -117.084366 32.486886, -117.084321 32.487492, -117.084555 32.488318, -117.08566 32.488204, -117.085516 32.489151, -117.085848 32.490265, -117.084833 32.490068, -117.084734 32.490833, -117.086414 32.491318, -117.075077 32.495758, -117.075284 32.496781, -117.074359 32.497304, -117.073514 32.497592, -117.072356 32.496448, -117.069131 32.497554, -117.06949 32.499918, -117.069292 32.499971, -117.069445 32.502145, -117.069229 32.504009, -117.070406 32.506062, -117.071915 32.506774, -117.07232 32.507486, -117.071799 32.508168, -117.070595 32.508638, -117.070559 32.509138, -117.069759 32.509532, -117.070056 32.510161, -117.068834 32.510759, -117.070505 32.512532, -117.070658 32.513668, -117.07055 32.514304, -117.068906 32.517198, -117.067945 32.517213, -117.066382 32.518023, -117.065986 32.518039, -117.065582 32.517872, -117.06534 32.518084, -117.065115 32.520326, -117.065394 32.521584, -117.065178 32.522311, -117.063471 32.52122, -117.062627 32.520902, -117.060704 32.522099, -117.060731 32.523742, -117.06118 32.527037, -117.060704 32.526727, -117.059788 32.527802, -117.05774 32.526567, -117.056401 32.526371, -117.056653 32.525325, -117.05624 32.52475, -117.058584 32.520819, -117.05809 32.520182, -117.053563 32.51994, -117.054605 32.518766, -117.054838 32.517705, -117.054793 32.516524, -117.055359 32.515281, -117.054982 32.51466, -117.054299 32.514728, -117.05394 32.512721, -117.051676 32.513153, -117.050661 32.513971, -117.049206 32.51488, -117.048065 32.512804, -117.047769 32.511456, -117.047876 32.510486, -117.04767 32.509941, -117.046215 32.508456, -117.04511 32.507774, -117.044256 32.50785, -117.043151 32.507759, -117.042406 32.506342, -117.042091 32.508214, -117.041364 32.508267, -117.040825 32.508547, -117.039315 32.508047, -117.03813 32.507994, -117.03883 32.50266, -117.038615 32.50235, -117.037034 32.502464, -117.036989 32.502092, -117.035947 32.502486, -117.032551 32.502517, -117.022239 32.503554, -117.022239 32.502085, -117.021717 32.499327, -117.02046 32.496531, -117.019885 32.495948, -117.017352 32.494122, -117.014899 32.491909, -117.013282 32.489773, -117.011342 32.488, -117.010399 32.486363, -117.010363 32.484196, -117.00924 32.482309, -117.009698 32.48121, -117.011243 32.478565, -117.012519 32.477148, -117.013453 32.475716, -117.016328 32.472404, -117.017109 32.470305, -117.016804 32.470176, -117.016759 32.469547, -117.016355 32.469244, -117.015627 32.469274, -117.015483 32.469054, -117.015816 32.468812, -117.015896 32.468425, -117.016346 32.467993, -117.017109 32.467501, -117.018493 32.466871, -117.016831 32.466576, -117.013049 32.4655, -117.010884 32.464317, -117.005449 32.458185, -117.003392 32.45742, -117.003095 32.457829, -117.001964 32.457609, -117.00191 32.458534, -117.001595 32.458398, -117.001389 32.457905, -117.001541 32.457147, -116.995954 32.456442, -116.995999 32.455169, -116.994022 32.454077, -116.993591 32.454517, -116.990294 32.451523, -116.98927 32.452349, -116.984833 32.448286, -116.983018 32.447293, -116.9845 32.44561, -116.979973 32.44288, -116.980018 32.442304, -116.97761 32.441614, -116.977547 32.439795, -116.976397 32.438415, -116.977727 32.435163, -116.978517 32.434215, -116.979272 32.43376, -116.977925 32.431349, -116.978419 32.42849, -116.979631 32.423387, -116.980575 32.422098, -116.984168 32.420877, -116.985174 32.42156, -116.986899 32.424911, -116.995073 32.432342, -116.99608 32.433411, -117.001362 32.431857, -117.004299 32.43031, -117.005305 32.431614, -117.006015 32.429908, -117.008369 32.426754, -117.009312 32.426269, -117.02002 32.416411)))', 4326))),
('00000000-0000-0000-00d1-000000000005', 'La Presa', 'La Presa', '00000000-0000-0000-0000-000000000010', 'delegacion', 'MX', '02004-05', 'America/Tijuana', false, true, ST_Multi(ST_GeomFromText('MULTIPOLYGON(((-116.743231 32.492008, -116.746465 32.473033, -116.747381 32.473382, -116.754648 32.474814, -116.773522 32.475155, -116.776118 32.474352, -116.781418 32.472146, -116.781158 32.470737, -116.781059 32.467933, -116.784131 32.468213, -116.785496 32.467122, -116.785766 32.465856, -116.784598 32.463809, -116.793465 32.464234, -116.79898 32.462203, -116.798253 32.452697, -116.795791 32.454433, -116.794614 32.454115, -116.794668 32.453122, -116.795073 32.452591, -116.793878 32.449286, -116.803301 32.4431, -116.805385 32.439969, -116.81232 32.438612, -116.820863 32.441561, -116.822256 32.440682, -116.822561 32.439742, -116.825409 32.439802, -116.825822 32.437922, -116.826765 32.438824, -116.827753 32.439105, -116.823908 32.430909, -116.837922 32.426906, -116.839449 32.430363, -116.844246 32.428369, -116.842854 32.425025, -116.850858 32.422841, -116.849663 32.421522, -116.848181 32.421461, -116.848747 32.42109, -116.849996 32.42068, -116.850822 32.420642, -116.852439 32.420938, -116.852439 32.420453, -116.851595 32.41955, -116.853032 32.419732, -116.855206 32.420733, -116.855367 32.421605, -116.856697 32.421249, -116.860847 32.43103, -116.870935 32.429628, -116.875975 32.441485, -116.889216 32.437816, -116.892064 32.445284, -116.893555 32.444814, -116.895711 32.443828, -116.896789 32.44351, -116.898334 32.443335, -116.899331 32.442865, -116.900589 32.442767, -116.902331 32.443313, -116.905071 32.444776, -116.90614 32.445898, -116.906544 32.447406, -116.905619 32.450204, -116.905673 32.450545, -116.905529 32.450908, -116.899241 32.454312, -116.899861 32.46002, -116.899044 32.46005, -116.90058 32.460922, -116.89704 32.461907, -116.895756 32.461922, -116.895971 32.462468, -116.889189 32.463287, -116.887815 32.463772, -116.887168 32.472002, -116.887141 32.474405, -116.885919 32.481187, -116.884158 32.485294, -116.88547 32.485802, -116.885695 32.48609, -116.885973 32.486666, -116.886144 32.488492, -116.88688 32.490129, -116.886817 32.490553, -116.887222 32.490561, -116.888973 32.49219, -116.890051 32.492334, -116.89033 32.493614, -116.889063 32.50732, -116.8883 32.513494, -116.885739 32.513547, -116.886737 32.519084, -116.888695 32.528287, -116.888937 32.528862, -116.880511 32.531172, -116.873495 32.531331, -116.873415 32.527014, -116.870783 32.525628, -116.871187 32.527098, -116.870666 32.527938, -116.871061 32.528249, -116.870253 32.529082, -116.856643 32.520644, -116.853984 32.521993, -116.853238 32.52481, -116.853391 32.525454, -116.849915 32.523129, -116.848585 32.522962, -116.844255 32.523886, -116.841839 32.525439, -116.837662 32.527613, -116.835802 32.527734, -116.834733 32.526886, -116.823019 32.527666, -116.813039 32.528552, -116.815572 32.521743, -116.817629 32.521568, -116.817953 32.517433, -116.799402 32.512463, -116.799816 32.517675, -116.792 32.52016, -116.789925 32.517296, -116.787608 32.521781, -116.784877 32.518736, -116.785335 32.516319, -116.78529 32.513653, -116.784697 32.511032, -116.783044 32.507668, -116.772839 32.493713, -116.771627 32.492326, -116.769327 32.490485, -116.766695 32.489015, -116.763802 32.487954, -116.76073 32.48734, -116.757586 32.487181, -116.754451 32.487484, -116.751432 32.48825, -116.748612 32.489447, -116.745351 32.491621, -116.742791 32.494114, -116.743231 32.492008)))', 4326))),
('00000000-0000-0000-00d1-000000000006', 'Otay Centenario', 'Otay Centenario', '00000000-0000-0000-0000-000000000010', 'delegacion', 'MX', '02004-06', 'America/Tijuana', false, true, ST_Multi(ST_GeomFromText('MULTIPOLYGON(((-116.852286 32.540806, -116.852358 32.537004, -116.857092 32.536201, -116.857802 32.535474, -116.85552 32.533899, -116.854559 32.530559, -116.853238 32.52481, -116.853984 32.521993, -116.856643 32.520644, -116.870253 32.529082, -116.871061 32.528249, -116.870666 32.527938, -116.871187 32.527098, -116.870783 32.525628, -116.873415 32.527014, -116.873495 32.531331, -116.880511 32.531172, -116.888937 32.528862, -116.892944 32.525946, -116.895648 32.523773, -116.898298 32.523121, -116.900436 32.522402, -116.900939 32.521917, -116.901029 32.521591, -116.897813 32.520069, -116.899277 32.519266, -116.900122 32.519205, -116.901334 32.519819, -116.904236 32.520319, -116.905763 32.520334, -116.905907 32.519107, -116.907703 32.519379, -116.909293 32.518758, -116.90932 32.518266, -116.911332 32.517251, -116.912455 32.517463, -116.912446 32.518311, -116.914854 32.518379, -116.915698 32.518145, -116.915608 32.514425, -116.915788 32.514691, -116.917198 32.514918, -116.917711 32.515448, -116.918474 32.515887, -116.919319 32.515357, -116.919408 32.514471, -116.919741 32.514903, -116.92063 32.514547, -116.921331 32.51388, -116.924565 32.512433, -116.925966 32.512183, -116.929901 32.512607, -116.930215 32.513085, -116.93061 32.513335, -116.931086 32.513251, -116.931194 32.514312, -116.933063 32.514312, -116.932748 32.511645, -116.93468 32.510827, -116.93777 32.507994, -116.936997 32.507342, -116.93777 32.505138, -116.946205 32.506994, -116.949179 32.507289, -116.950616 32.508532, -116.950867 32.509479, -116.950616 32.510676, -116.950804 32.511857, -116.951505 32.512865, -116.953293 32.513698, -116.951972 32.513978, -116.952062 32.514016, -116.953428 32.51438, -116.962572 32.515115, -116.96286 32.516834, -116.963255 32.51794, -116.96312 32.521061, -116.962833 32.522273, -116.961854 32.523538, -116.961656 32.524204, -116.96198 32.526075, -116.961755 32.526658, -116.961261 32.527226, -116.952987 32.532255, -116.9519 32.53274, -116.950804 32.533528, -116.949771 32.533959, -116.949053 32.534724, -116.948927 32.535277, -116.948747 32.535254, -116.947615 32.543592, -116.948693 32.547704, -116.949646 32.548469, -116.951658 32.549075, -116.816255 32.560546, -116.815761 32.558305, -116.82116 32.55754, -116.825085 32.556404, -116.82875 32.55623, -116.830736 32.553118, -116.836584 32.552164, -116.841165 32.55199, -116.847723 32.549166, -116.852214 32.544456, -116.852286 32.540806)), ((-116.952727 32.532369, -116.961261 32.527226, -116.961755 32.526658, -116.96198 32.526075, -116.961656 32.524204, -116.961854 32.523538, -116.962833 32.522273, -116.96312 32.521061, -116.963255 32.51794, -116.96286 32.516834, -116.962572 32.515115, -116.986468 32.516925, -116.994076 32.517667, -116.996574 32.517834, -116.997849 32.517789, -116.99996 32.518379, -117.000544 32.518728, -117.000688 32.519735, -117.001559 32.519925, -117.002359 32.520478, -117.007039 32.525174, -117.010713 32.528082, -117.012141 32.529559, -117.013363 32.531195, -117.014791 32.534474, -117.016489 32.536284, -117.017675 32.537087, -117.02735 32.542631, -116.951658 32.549075, -116.949646 32.548469, -116.948693 32.547704, -116.947615 32.543592, -116.948747 32.535254, -116.948927 32.535277, -116.949053 32.534724, -116.949771 32.533959, -116.950804 32.533528, -116.9519 32.53274, -116.952727 32.532369)))', 4326))),
('00000000-0000-0000-00d1-000000000007', 'Cerro Colorado', 'Cerro Colorado', '00000000-0000-0000-0000-000000000010', 'delegacion', 'MX', '02004-07', 'America/Tijuana', false, true, ST_Multi(ST_GeomFromText('MULTIPOLYGON(((-116.885506 32.482051, -116.885919 32.481187, -116.887141 32.474405, -116.887168 32.472002, -116.887815 32.463772, -116.889189 32.463287, -116.895971 32.462468, -116.895756 32.461922, -116.89704 32.461907, -116.90058 32.460922, -116.899044 32.46005, -116.899861 32.46002, -116.90049 32.460376, -116.902251 32.461839, -116.906284 32.461846, -116.908593 32.461627, -116.915294 32.465363, -116.916543 32.466371, -116.917163 32.468425, -116.917396 32.470737, -116.923011 32.47927, -116.922993 32.485484, -116.925436 32.487575, -116.927879 32.492841, -116.930916 32.495137, -116.932057 32.495508, -116.935587 32.499759, -116.937572 32.50138, -116.94572 32.504259, -116.947894 32.503562, -116.948127 32.50388, -116.947103 32.504183, -116.94643 32.505017, -116.946205 32.506994, -116.93777 32.505138, -116.936997 32.507342, -116.93777 32.507994, -116.93468 32.510827, -116.932748 32.511645, -116.933063 32.514312, -116.931194 32.514312, -116.931086 32.513251, -116.93061 32.513335, -116.930215 32.513085, -116.929901 32.512607, -116.925966 32.512183, -116.924565 32.512433, -116.921331 32.51388, -116.92063 32.514547, -116.919741 32.514903, -116.919408 32.514471, -116.919319 32.515357, -116.918474 32.515887, -116.917711 32.515448, -116.917198 32.514918, -116.915788 32.514691, -116.915608 32.514425, -116.915698 32.518145, -116.914854 32.518379, -116.912446 32.518311, -116.912455 32.517463, -116.911332 32.517251, -116.90932 32.518266, -116.909293 32.518758, -116.907703 32.519379, -116.905907 32.519107, -116.905763 32.520334, -116.904236 32.520319, -116.901334 32.519819, -116.900122 32.519205, -116.899277 32.519266, -116.897813 32.520069, -116.901029 32.521591, -116.900939 32.521917, -116.900436 32.522402, -116.898298 32.523121, -116.895648 32.523773, -116.892944 32.525946, -116.888937 32.528862, -116.888695 32.528287, -116.886737 32.519084, -116.885739 32.513547, -116.8883 32.513494, -116.889063 32.50732, -116.89033 32.493614, -116.890051 32.492334, -116.888973 32.49219, -116.887222 32.490561, -116.886817 32.490553, -116.88688 32.490129, -116.886144 32.488492, -116.885973 32.486666, -116.885695 32.48609, -116.88547 32.485802, -116.884158 32.485294, -116.885506 32.482051)))', 4326))),
('00000000-0000-0000-00d1-000000000008', 'La Presa Este', 'La Presa Este', '00000000-0000-0000-0000-000000000010', 'delegacion', 'MX', '02004-08', 'America/Tijuana', false, true, ST_Multi(ST_GeomFromText('MULTIPOLYGON(((-116.683753 32.537436, -116.6852 32.5358, -116.689179 32.532452, -116.692215 32.529605, -116.693123 32.529165, -116.693967 32.520031, -116.69544 32.515986, -116.696375 32.514691, -116.70136 32.512607, -116.700606 32.512562, -116.700166 32.512236, -116.69924 32.511365, -116.698665 32.510327, -116.698719 32.509812, -116.697731 32.507509, -116.697992 32.506327, -116.697444 32.506047, -116.697551 32.505464, -116.696779 32.504047, -116.696168 32.503312, -116.695692 32.502183, -116.695908 32.502001, -116.695548 32.500418, -116.695854 32.498933, -116.695934 32.497069, -116.695342 32.496251, -116.693859 32.495357, -116.694102 32.494114, -116.695207 32.493485, -116.693958 32.491826, -116.691928 32.486007, -116.686547 32.472184, -116.684912 32.467182, -116.716632 32.470994, -116.73043 32.468683, -116.733161 32.467819, -116.736646 32.467667, -116.737706 32.46791, -116.740446 32.469138, -116.745557 32.472563, -116.746465 32.473033, -116.742791 32.494114, -116.745351 32.491621, -116.748612 32.489447, -116.751432 32.48825, -116.754451 32.487484, -116.757586 32.487181, -116.76073 32.48734, -116.763802 32.487954, -116.766695 32.489015, -116.769327 32.490485, -116.771627 32.492326, -116.773504 32.49447, -116.783251 32.508001, -116.784697 32.511032, -116.78529 32.513653, -116.785335 32.516319, -116.784877 32.518736, -116.787608 32.521781, -116.789925 32.517296, -116.792 32.52016, -116.799816 32.517675, -116.799402 32.512463, -116.817953 32.517433, -116.817629 32.521568, -116.815572 32.521743, -116.813039 32.528552, -116.823019 32.527666, -116.834733 32.526886, -116.835802 32.527734, -116.837662 32.527613, -116.841839 32.525439, -116.844255 32.523886, -116.848585 32.522962, -116.849915 32.523129, -116.853391 32.525454, -116.854559 32.530559, -116.85552 32.533899, -116.857802 32.535474, -116.857092 32.536201, -116.852358 32.537004, -116.852214 32.544456, -116.847723 32.549166, -116.841165 32.55199, -116.836584 32.552164, -116.830736 32.553118, -116.82875 32.55623, -116.825085 32.556404, -116.82116 32.55754, -116.815761 32.558305, -116.816255 32.560546, -116.769668 32.564278, -116.739 32.567042, -116.69094 32.571054, -116.676001 32.546084, -116.677923 32.54444, -116.680609 32.542434, -116.682945 32.541555, -116.68369 32.540631, -116.683897 32.539874, -116.683502 32.53836, -116.683753 32.537436)))', 4326))),
('00000000-0000-0000-00d1-000000000009', 'San Antonio del Mar', 'San Antonio del Mar', '00000000-0000-0000-0000-000000000010', 'delegacion', 'MX', '02004-09', 'America/Tijuana', false, true, ST_Multi(ST_GeomFromText('MULTIPOLYGON(((-116.933979 32.461331, -116.932676 32.456586, -116.92955 32.458398, -116.928751 32.459186, -116.927951 32.45836, -116.930853 32.45582, -116.92902 32.454388, -116.929514 32.4536, -116.929856 32.453319, -116.930925 32.453258, -116.931715 32.452811, -116.931886 32.452303, -116.932847 32.451401, -116.933745 32.44943, -116.933449 32.448945, -116.933063 32.442115, -116.925966 32.442463, -116.926388 32.441326, -116.922517 32.441501, -116.920352 32.441311, -116.920217 32.441099, -116.920567 32.440538, -116.919597 32.440871, -116.917782 32.440682, -116.916947 32.440121, -116.915797 32.439704, -116.914917 32.439742, -116.91489 32.439097, -116.914638 32.43887, -116.913812 32.438878, -116.914342 32.438059, -116.914162 32.437422, -116.914432 32.43652, -116.915132 32.436338, -116.915878 32.436679, -116.916237 32.437119, -116.917791 32.436262, -116.919112 32.436262, -116.918321 32.435549, -116.916812 32.435125, -116.915267 32.435132, -116.914342 32.43495, -116.914872 32.434389, -116.915626 32.434238, -116.916049 32.434238, -116.916246 32.434495, -116.917207 32.434389, -116.917836 32.434503, -116.918321 32.434048, -116.919067 32.433676, -116.918762 32.433115, -116.917836 32.432516, -116.917702 32.432099, -116.918232 32.431538, -116.918106 32.431015, -116.918276 32.43053, -116.918986 32.430151, -116.920486 32.430416, -116.920361 32.429855, -116.919831 32.429484, -116.918276 32.429294, -116.918276 32.428877, -116.918726 32.428695, -116.920271 32.428991, -116.921151 32.428991, -116.923666 32.428399, -116.924906 32.427838, -116.925355 32.426602, -116.926289 32.425397, -116.929056 32.425033, -116.930062 32.425131, -116.930871 32.424707, -116.931814 32.424434, -116.932137 32.424146, -116.933287 32.423668, -116.933763 32.423948, -116.933808 32.424282, -116.934258 32.424441, -116.934725 32.424343, -116.934779 32.424828, -116.935066 32.424957, -116.938641 32.424608, -116.93821 32.426663, -116.940213 32.426845, -116.940851 32.425723, -116.94289 32.423547, -116.947247 32.420483, -116.948514 32.419239, -116.949376 32.417268, -116.949664 32.4161, -116.949718 32.414257, -116.950212 32.41337, -116.950733 32.410541, -116.951388 32.409305, -116.961432 32.405665, -116.961288 32.41064, -116.962707 32.41205, -116.968492 32.412824, -116.972014 32.414052, -116.972804 32.416745, -116.975373 32.417882, -116.977143 32.417882, -116.976856 32.419869, -116.97911 32.420695, -116.980575 32.422098, -116.979631 32.423387, -116.978419 32.42849, -116.977925 32.431349, -116.979272 32.43376, -116.978517 32.434215, -116.977727 32.435163, -116.976397 32.438415, -116.977547 32.439795, -116.97761 32.441614, -116.980018 32.442304, -116.979973 32.44288, -116.9845 32.44561, -116.983018 32.447293, -116.984833 32.448286, -116.98927 32.452349, -116.990294 32.451523, -116.993591 32.454517, -116.994022 32.454077, -116.995999 32.455169, -116.995954 32.456442, -117.001541 32.457147, -117.001389 32.457905, -117.001595 32.458398, -117.00191 32.458534, -117.001964 32.457609, -117.003095 32.457829, -117.003392 32.45742, -117.005449 32.458185, -117.010884 32.464317, -117.013049 32.4655, -117.016831 32.466576, -117.018493 32.466871, -117.017109 32.467501, -117.016346 32.467993, -117.015896 32.468425, -117.015816 32.468812, -117.015483 32.469054, -117.015627 32.469274, -117.016355 32.469244, -117.016759 32.469547, -117.016804 32.470176, -117.017109 32.470305, -117.016328 32.472404, -117.013453 32.475716, -117.012519 32.477148, -117.011243 32.478565, -117.009698 32.48121, -117.00924 32.482309, -117.010363 32.484196, -117.010399 32.486363, -117.011063 32.487568, -117.009806 32.488265, -117.01012 32.488666, -117.008854 32.489204, -117.009806 32.490576, -117.00818 32.490144, -117.005772 32.488431, -117.002826 32.486583, -117.002206 32.486636, -116.995208 32.484953, -116.995289 32.48393, -116.994723 32.480839, -116.992423 32.479293, -116.992459 32.479103, -116.991893 32.478853, -116.991031 32.479558, -116.987483 32.481589, -116.986683 32.482415, -116.985444 32.484127, -116.98353 32.486416, -116.981518 32.488591, -116.980072 32.489651, -116.976487 32.491008, -116.973047 32.492076, -116.971969 32.492856, -116.970478 32.492205, -116.969633 32.491273, -116.968636 32.490629, -116.968205 32.490106, -116.96675 32.491424, -116.963902 32.490546, -116.962914 32.490644, -116.962698 32.490265, -116.962698 32.489886, -116.96162 32.489106, -116.960731 32.488697, -116.961117 32.488386, -116.961351 32.487302, -116.960686 32.487515, -116.961324 32.486128, -116.963956 32.485067, -116.963264 32.484074, -116.959626 32.479816, -116.959329 32.479763, -116.956554 32.480339, -116.956311 32.480134, -116.955898 32.480134, -116.955332 32.480566, -116.954461 32.480005, -116.958243 32.475337, -116.950265 32.471942, -116.950769 32.470085, -116.950212 32.470911, -116.948891 32.471563, -116.948514 32.471919, -116.948092 32.472571, -116.947283 32.474678, -116.946349 32.474367, -116.946717 32.473488, -116.946322 32.472813, -116.946079 32.472033, -116.946555 32.469426, -116.947112 32.469092, -116.948783 32.467319, -116.949529 32.466826, -116.949556 32.466288, -116.94934 32.465856, -116.949394 32.464757, -116.949107 32.464173, -116.947678 32.463499, -116.94749 32.4624, -116.947041 32.462104, -116.947858 32.461361, -116.945864 32.461248, -116.943196 32.461725, -116.938965 32.463362, -116.937204 32.462066, -116.933979 32.461331)))', 4326)));

-- Additional Tijuana delegaciones from IMPLAN data (not in original 9)
INSERT INTO jurisdictions (id, name, name_en, parent_id, level, country_code, inegi_clave, timezone, escalation_enabled, verified, geometry) VALUES
('00000000-0000-0000-00d1-000000000010', 'Resto del Centro de Población', 'Resto del Centro de Poblacion', '00000000-0000-0000-0000-000000000010', 'delegacion', 'MX', '02004-10', 'America/Tijuana', false, true, ST_Multi(ST_GeomFromText('MULTIPOLYGON(((-116.822552 32.298269, -116.895666 32.298344, -116.87399 32.312072, -116.869956 32.314023, -116.865752 32.308777, -116.861368 32.31063, -116.857299 32.309407, -116.846923 32.315906, -116.847202 32.318244, -116.846294 32.321349, -116.849052 32.323285, -116.851253 32.32897, -116.851639 32.333062, -116.852268 32.335316, -116.849331 32.339832, -116.850615 32.345744, -116.850993 32.346716, -116.852592 32.348947, -116.858853 32.356832, -116.864036 32.359821, -116.868312 32.375004, -116.867171 32.380406, -116.867306 32.38215, -116.865105 32.383736, -116.8648 32.38655, -116.861656 32.387438, -116.842791 32.386452, -116.82805 32.375345, -116.807972 32.341654, -116.790527 32.343111, -116.747354 32.347072, -116.765877 32.298177, -116.822552 32.298269)))', 4326))),
('00000000-0000-0000-00d1-000000000011', 'Resto del Municipio', 'Resto del Municipio', '00000000-0000-0000-0000-000000000010', 'delegacion', 'MX', '02004-11', 'America/Tijuana', false, true, ST_Multi(ST_GeomFromText('MULTIPOLYGON(((-116.592296 32.303348, -116.589466 32.299559, -116.577734 32.298618, -116.572218 32.295801, -116.553902 32.29536, -116.549886 32.298891, -116.534453 32.289703, -116.529989 32.288207, -116.529971 32.287007, -116.529674 32.285898, -116.529234 32.28523, -116.528282 32.28444, -116.525937 32.283301, -116.524877 32.282443, -116.524006 32.280916, -116.52388 32.279435, -116.524832 32.275471, -116.525326 32.274833, -116.531803 32.269683, -116.534256 32.260385, -116.534319 32.251923, -116.533807 32.25032, -116.6761 32.185233, -116.822552 32.298269, -116.765877 32.298177, -116.749941 32.340257, -116.674555 32.340098, -116.658061 32.352665, -116.654226 32.349129, -116.625183 32.375095, -116.614664 32.366279, -116.614951 32.359427, -116.614565 32.357386, -116.612849 32.352931, -116.611205 32.350336, -116.608286 32.341927, -116.605294 32.337904, -116.602052 32.330853, -116.599123 32.327217, -116.609112 32.322047, -116.600506 32.316802, -116.602689 32.306848, -116.597281 32.3029, -116.592296 32.303348)))', 4326))),
('00000000-0000-0000-00d1-000000000012', 'Valle de las Palmas', 'Valle de las Palmas', '00000000-0000-0000-0000-000000000010', 'delegacion', 'MX', '02004-12', 'America/Tijuana', false, true, ST_Multi(ST_GeomFromText('MULTIPOLYGON(((-116.668419 32.411315, -116.625183 32.375095, -116.654226 32.349129, -116.658061 32.352665, -116.674555 32.340098, -116.749941 32.340257, -116.747354 32.347072, -116.790527 32.343111, -116.807972 32.341654, -116.82805 32.375345, -116.842791 32.386452, -116.861656 32.387438, -116.8648 32.38655, -116.865105 32.383736, -116.867306 32.38215, -116.867171 32.380406, -116.868312 32.375004, -116.873469 32.393377, -116.875517 32.392543, -116.90093 32.411368, -116.900157 32.411755, -116.900157 32.412065, -116.900849 32.41243, -116.900661 32.412649, -116.901801 32.412748, -116.901954 32.412945, -116.899358 32.414052, -116.899142 32.41387, -116.89925 32.412566, -116.898927 32.412384, -116.897966 32.41315, -116.897292 32.414333, -116.896115 32.413415, -116.895801 32.413961, -116.895477 32.414181, -116.894902 32.414409, -116.894471 32.414363, -116.894354 32.415311, -116.894094 32.415129, -116.893986 32.414682, -116.892657 32.414545, -116.892279 32.414136, -116.891965 32.414136, -116.89095 32.414674, -116.88255 32.416881, -116.882353 32.417746, -116.879721 32.418269, -116.879568 32.418724, -116.879622 32.419634, -116.879236 32.419763, -116.878095 32.419444, -116.87752 32.419854, -116.875472 32.420028, -116.874088 32.419801, -116.872777 32.419823, -116.872337 32.419528, -116.871375 32.420074, -116.871268 32.420384, -116.872444 32.420536, -116.873576 32.420938, -116.874511 32.422106, -116.873127 32.42206, -116.872651 32.421833, -116.872157 32.42178, -116.869794 32.422015, -116.86877 32.421385, -116.868393 32.421423, -116.867863 32.42115, -116.86754 32.421385, -116.865096 32.421598, -116.865051 32.421818, -116.863677 32.422053, -116.862743 32.42178, -116.861602 32.421658, -116.861377 32.421378, -116.861108 32.421416, -116.861009 32.421143, -116.861278 32.420377, -116.861988 32.420058, -116.862365 32.420104, -116.862922 32.419922, -116.862284 32.419383, -116.861593 32.419156, -116.861431 32.418891, -116.860856 32.419141, -116.860811 32.417882, -116.85994 32.419103, -116.858512 32.419922, -116.85782 32.420013, -116.857955 32.420445, -116.858763 32.421052, -116.859527 32.422803, -116.85879 32.423516, -116.858233 32.423713, -116.85861 32.424115, -116.858323 32.425086, -116.856697 32.421249, -116.855367 32.421605, -116.855206 32.420733, -116.853032 32.419732, -116.851595 32.41955, -116.852439 32.420453, -116.852439 32.420938, -116.850822 32.420642, -116.849996 32.42068, -116.848747 32.42109, -116.848181 32.421461, -116.849663 32.421522, -116.850858 32.422841, -116.842854 32.425025, -116.844246 32.428369, -116.839449 32.430363, -116.837922 32.426906, -116.823908 32.430909, -116.827753 32.439105, -116.826765 32.438824, -116.825822 32.437922, -116.825409 32.439802, -116.822561 32.439742, -116.822256 32.440682, -116.820863 32.441561, -116.81232 32.438612, -116.805385 32.439969, -116.803301 32.4431, -116.793878 32.449286, -116.795073 32.452591, -116.794668 32.453122, -116.794614 32.454115, -116.795791 32.454433, -116.798253 32.452697, -116.79898 32.462203, -116.793465 32.464234, -116.784598 32.463809, -116.785766 32.465856, -116.785496 32.467122, -116.784131 32.468213, -116.781059 32.467933, -116.781158 32.470737, -116.781418 32.472146, -116.776118 32.474352, -116.773522 32.475155, -116.754648 32.474814, -116.753849 32.474693, -116.747381 32.473382, -116.746599 32.473094, -116.745557 32.472563, -116.739566 32.46866, -116.737706 32.46791, -116.736646 32.467667, -116.733161 32.467819, -116.73043 32.468683, -116.716632 32.470994, -116.684912 32.467182, -116.682388 32.463453, -116.682064 32.463317, -116.681373 32.461361, -116.681427 32.460459, -116.681283 32.459929, -116.681499 32.458928, -116.67848 32.456169, -116.677196 32.455911, -116.676154 32.455858, -116.675444 32.455025, -116.675462 32.450075, -116.673108 32.447346, -116.670809 32.434837, -116.67 32.432668, -116.669793 32.428354, -116.669991 32.42708, -116.670674 32.425685, -116.669084 32.422144, -116.668293 32.419201, -116.668419 32.411315)))', 4326))),
('00000000-0000-0000-00d1-000000000013', 'Cueros de Venado', 'Cueros de Venado', '00000000-0000-0000-0000-000000000010', 'delegacion', 'MX', '02004-13', 'America/Tijuana', false, true, ST_Multi(ST_GeomFromText('MULTIPOLYGON(((-116.94996 32.413825, -116.949718 32.414257, -116.949664 32.4161, -116.949376 32.417268, -116.948514 32.419239, -116.947247 32.420483, -116.94289 32.423547, -116.940851 32.425723, -116.940213 32.426845, -116.93821 32.426663, -116.938641 32.424608, -116.935066 32.424957, -116.934779 32.424828, -116.934725 32.424343, -116.934258 32.424441, -116.933808 32.424282, -116.933763 32.423948, -116.933287 32.423668, -116.932137 32.424146, -116.931814 32.424434, -116.930871 32.424707, -116.930062 32.425131, -116.929056 32.425033, -116.926289 32.425397, -116.925355 32.426602, -116.924906 32.427838, -116.923666 32.428399, -116.921151 32.428991, -116.920271 32.428991, -116.918726 32.428695, -116.918276 32.428877, -116.918276 32.429294, -116.919831 32.429484, -116.920361 32.429855, -116.920486 32.430416, -116.918986 32.430151, -116.918276 32.43053, -116.918106 32.431015, -116.918232 32.431538, -116.917702 32.432099, -116.917836 32.432516, -116.918762 32.433115, -116.919067 32.433676, -116.918321 32.434048, -116.917836 32.434503, -116.917207 32.434389, -116.916246 32.434495, -116.916049 32.434238, -116.915626 32.434238, -116.914872 32.434389, -116.914342 32.43495, -116.915267 32.435132, -116.916812 32.435125, -116.918321 32.435549, -116.919112 32.436262, -116.917791 32.436262, -116.916237 32.437119, -116.915878 32.436679, -116.915132 32.436338, -116.914432 32.43652, -116.914162 32.437422, -116.914342 32.438059, -116.913812 32.438878, -116.914638 32.43887, -116.91489 32.439097, -116.914917 32.439742, -116.915797 32.439704, -116.916947 32.440121, -116.917782 32.440682, -116.919597 32.440871, -116.920567 32.440538, -116.920217 32.441099, -116.920747 32.441918, -116.919507 32.441698, -116.916498 32.441804, -116.915438 32.442554, -116.915573 32.444093, -116.915348 32.445473, -116.914602 32.445435, -116.913273 32.446641, -116.913138 32.447164, -116.912428 32.447126, -116.911324 32.447573, -116.909608 32.446519, -116.908161 32.446246, -116.902331 32.443313, -116.900589 32.442767, -116.899331 32.442865, -116.898334 32.443335, -116.896789 32.44351, -116.895711 32.443828, -116.893555 32.444814, -116.892064 32.445284, -116.889216 32.437816, -116.875975 32.441485, -116.870935 32.429628, -116.860847 32.43103, -116.858323 32.425086, -116.85861 32.424115, -116.858233 32.423713, -116.85879 32.423516, -116.859527 32.422803, -116.858763 32.421052, -116.857955 32.420445, -116.85782 32.420013, -116.858512 32.419922, -116.85994 32.419103, -116.860811 32.417882, -116.860856 32.419141, -116.861431 32.418891, -116.861593 32.419156, -116.862284 32.419383, -116.862922 32.419922, -116.862365 32.420104, -116.861988 32.420058, -116.861278 32.420377, -116.861009 32.421143, -116.861108 32.421416, -116.861377 32.421378, -116.861602 32.421658, -116.862743 32.42178, -116.863677 32.422053, -116.865051 32.421818, -116.865096 32.421598, -116.86754 32.421385, -116.867863 32.42115, -116.868393 32.421423, -116.86877 32.421385, -116.869794 32.422015, -116.872157 32.42178, -116.872651 32.421833, -116.873127 32.42206, -116.874511 32.422106, -116.873576 32.420938, -116.872444 32.420536, -116.871268 32.420384, -116.871375 32.420074, -116.872337 32.419528, -116.872777 32.419823, -116.874088 32.419801, -116.875472 32.420028, -116.87752 32.419854, -116.878095 32.419444, -116.879236 32.419763, -116.879622 32.419634, -116.879568 32.418724, -116.879721 32.418269, -116.882353 32.417746, -116.88255 32.416881, -116.89095 32.414674, -116.891965 32.414136, -116.892279 32.414136, -116.892657 32.414545, -116.893986 32.414682, -116.894094 32.415129, -116.894354 32.415311, -116.894471 32.414363, -116.894902 32.414409, -116.895477 32.414181, -116.895801 32.413961, -116.896115 32.413415, -116.897292 32.414333, -116.897966 32.41315, -116.898927 32.412384, -116.89925 32.412566, -116.899142 32.41387, -116.899358 32.414052, -116.901954 32.412945, -116.901801 32.412748, -116.900661 32.412649, -116.900849 32.41243, -116.900157 32.412065, -116.900157 32.411755, -116.90093 32.411368, -116.875517 32.392543, -116.873469 32.393377, -116.864036 32.359821, -116.858853 32.356832, -116.852592 32.348947, -116.850993 32.346716, -116.850615 32.345744, -116.849331 32.339832, -116.852268 32.335316, -116.851639 32.333062, -116.851253 32.32897, -116.849052 32.323285, -116.846294 32.321349, -116.847202 32.318244, -116.846923 32.315906, -116.857299 32.309407, -116.861368 32.31063, -116.865752 32.308777, -116.869956 32.314023, -116.87399 32.312072, -116.895666 32.298344, -116.949304 32.298375, -116.949304 32.317174, -116.907074 32.3342, -116.949295 32.343338, -116.949277 32.365892, -116.962689 32.378092, -116.962411 32.378691, -116.97417 32.374822, -116.983099 32.394325, -116.98583 32.401918, -117.003913 32.408888, -117.020199 32.413529, -117.02002 32.416411, -117.009312 32.426269, -117.008369 32.426754, -117.006015 32.429908, -117.005305 32.431614, -117.004299 32.43031, -117.001362 32.431857, -116.99608 32.433411, -116.995073 32.432342, -116.986899 32.424911, -116.985174 32.42156, -116.984168 32.420877, -116.980575 32.422098, -116.97911 32.420695, -116.976856 32.419869, -116.977143 32.417882, -116.975373 32.417882, -116.972804 32.416745, -116.972014 32.414052, -116.968492 32.412824, -116.962707 32.41205, -116.961288 32.41064, -116.961432 32.405665, -116.951388 32.409305, -116.950733 32.410541, -116.950212 32.41337, -116.94996 32.413825)))', 4326)));

-- Update Tijuana municipality geometry as union of all delegaciones
UPDATE jurisdictions
  SET geometry = (
    SELECT ST_Multi(ST_Union(geometry))
    FROM jurisdictions
    WHERE parent_id = '00000000-0000-0000-0000-000000000010'
      AND geometry IS NOT NULL
  )
  WHERE id = '00000000-0000-0000-0000-000000000010';


-- Mexicali delegaciones (14)
INSERT INTO jurisdictions (id, name, name_en, parent_id, level, country_code, inegi_clave, timezone, escalation_enabled, verified) VALUES
('00000000-0000-0000-00d2-000000000001', 'González Ortega', 'Gonzalez Ortega', '00000000-0000-0000-0000-000000000012', 'delegacion', 'MX', '02002-01', 'America/Tijuana', false, true),
('00000000-0000-0000-00d2-000000000002', 'Progreso', 'Progreso', '00000000-0000-0000-0000-000000000012', 'delegacion', 'MX', '02002-02', 'America/Tijuana', false, true),
('00000000-0000-0000-00d2-000000000003', 'Pueblo Nuevo', 'Pueblo Nuevo', '00000000-0000-0000-0000-000000000012', 'delegacion', 'MX', '02002-03', 'America/Tijuana', false, true),
('00000000-0000-0000-00d2-000000000004', 'Delta', 'Delta', '00000000-0000-0000-0000-000000000012', 'delegacion', 'MX', '02002-04', 'America/Tijuana', false, true),
('00000000-0000-0000-00d2-000000000005', 'Los Algodones', 'Los Algodones', '00000000-0000-0000-0000-000000000012', 'delegacion', 'MX', '02002-05', 'America/Tijuana', false, true),
('00000000-0000-0000-00d2-000000000006', 'Estación Coahuila', 'Estacion Coahuila', '00000000-0000-0000-0000-000000000012', 'delegacion', 'MX', '02002-06', 'America/Tijuana', false, true),
('00000000-0000-0000-00d2-000000000007', 'Benito Juárez', 'Benito Juarez', '00000000-0000-0000-0000-000000000012', 'delegacion', 'MX', '02002-07', 'America/Tijuana', false, true),
('00000000-0000-0000-00d2-000000000008', 'Compuertas', 'Compuertas', '00000000-0000-0000-0000-000000000012', 'delegacion', 'MX', '02002-08', 'America/Tijuana', false, true),
('00000000-0000-0000-00d2-000000000009', 'Hechicera', 'Hechicera', '00000000-0000-0000-0000-000000000012', 'delegacion', 'MX', '02002-09', 'America/Tijuana', false, true),
('00000000-0000-0000-00d2-000000000010', 'Venustiano Carranza', 'Venustiano Carranza', '00000000-0000-0000-0000-000000000012', 'delegacion', 'MX', '02002-10', 'America/Tijuana', false, true),
('00000000-0000-0000-00d2-000000000011', 'Estación Delta', 'Estacion Delta', '00000000-0000-0000-0000-000000000012', 'delegacion', 'MX', '02002-11', 'America/Tijuana', false, true),
('00000000-0000-0000-00d2-000000000012', 'Nuevo León', 'Nuevo Leon', '00000000-0000-0000-0000-000000000012', 'delegacion', 'MX', '02002-12', 'America/Tijuana', false, true),
('00000000-0000-0000-00d2-000000000013', 'Ciudad Morelos', 'Ciudad Morelos', '00000000-0000-0000-0000-000000000012', 'delegacion', 'MX', '02002-13', 'America/Tijuana', false, true),
('00000000-0000-0000-00d2-000000000014', 'Guadalupe Victoria', 'Guadalupe Victoria', '00000000-0000-0000-0000-000000000012', 'delegacion', 'MX', '02002-14', 'America/Tijuana', false, true);

-- Ensenada delegaciones (16)
INSERT INTO jurisdictions (id, name, name_en, parent_id, level, country_code, inegi_clave, timezone, escalation_enabled, verified) VALUES
('00000000-0000-0000-00d3-000000000001', 'Ensenada Centro', 'Ensenada Downtown', '00000000-0000-0000-0000-000000000013', 'delegacion', 'MX', '02001-01', 'America/Tijuana', false, true),
('00000000-0000-0000-00d3-000000000002', 'El Sauzal', 'El Sauzal', '00000000-0000-0000-0000-000000000013', 'delegacion', 'MX', '02001-02', 'America/Tijuana', false, true),
('00000000-0000-0000-00d3-000000000003', 'Maneadero', 'Maneadero', '00000000-0000-0000-0000-000000000013', 'delegacion', 'MX', '02001-03', 'America/Tijuana', false, true),
('00000000-0000-0000-00d3-000000000004', 'Santo Tomás', 'Santo Tomas', '00000000-0000-0000-0000-000000000013', 'delegacion', 'MX', '02001-04', 'America/Tijuana', false, true),
('00000000-0000-0000-00d3-000000000005', 'San Vicente', 'San Vicente', '00000000-0000-0000-0000-000000000013', 'delegacion', 'MX', '02001-05', 'America/Tijuana', false, true),
('00000000-0000-0000-00d3-000000000006', 'Valle de la Trinidad', 'Valle de la Trinidad', '00000000-0000-0000-0000-000000000013', 'delegacion', 'MX', '02001-06', 'America/Tijuana', false, true),
('00000000-0000-0000-00d3-000000000007', 'Real del Castillo', 'Real del Castillo', '00000000-0000-0000-0000-000000000013', 'delegacion', 'MX', '02001-07', 'America/Tijuana', false, true),
('00000000-0000-0000-00d3-000000000008', 'Punta Colonet', 'Punta Colonet', '00000000-0000-0000-0000-000000000013', 'delegacion', 'MX', '02001-08', 'America/Tijuana', false, true),
('00000000-0000-0000-00d3-000000000009', 'Camalú', 'Camalu', '00000000-0000-0000-0000-000000000013', 'delegacion', 'MX', '02001-09', 'America/Tijuana', false, true),
('00000000-0000-0000-00d3-000000000010', 'Villa de Juárez', 'Villa de Juarez', '00000000-0000-0000-0000-000000000013', 'delegacion', 'MX', '02001-10', 'America/Tijuana', false, true),
('00000000-0000-0000-00d3-000000000011', 'El Rosario', 'El Rosario', '00000000-0000-0000-0000-000000000013', 'delegacion', 'MX', '02001-11', 'America/Tijuana', false, true),
('00000000-0000-0000-00d3-000000000012', 'San Antonio de las Minas', 'San Antonio de las Minas', '00000000-0000-0000-0000-000000000013', 'delegacion', 'MX', '02001-12', 'America/Tijuana', false, true),
('00000000-0000-0000-00d3-000000000013', 'Valle de Guadalupe', 'Valle de Guadalupe', '00000000-0000-0000-0000-000000000013', 'delegacion', 'MX', '02001-13', 'America/Tijuana', false, true),
('00000000-0000-0000-00d3-000000000014', 'La Misión', 'La Mision', '00000000-0000-0000-0000-000000000013', 'delegacion', 'MX', '02001-14', 'America/Tijuana', false, true),
('00000000-0000-0000-00d3-000000000015', 'Isla de Cedros', 'Isla de Cedros', '00000000-0000-0000-0000-000000000013', 'delegacion', 'MX', '02001-15', 'America/Tijuana', false, true),
('00000000-0000-0000-00d3-000000000016', 'Punta Banda', 'Punta Banda', '00000000-0000-0000-0000-000000000013', 'delegacion', 'MX', '02001-16', 'America/Tijuana', false, true);

-- San Quintín delegaciones (8)
INSERT INTO jurisdictions (id, name, name_en, parent_id, level, country_code, inegi_clave, timezone, escalation_enabled, verified) VALUES
('00000000-0000-0000-00d4-000000000001', 'San Quintín Centro', 'San Quintin Downtown', '00000000-0000-0000-0000-000000000015', 'delegacion', 'MX', '02006-01', 'America/Tijuana', false, true),
('00000000-0000-0000-00d4-000000000002', 'Vicente Guerrero', 'Vicente Guerrero', '00000000-0000-0000-0000-000000000015', 'delegacion', 'MX', '02006-02', 'America/Tijuana', false, true),
('00000000-0000-0000-00d4-000000000003', 'Lázaro Cárdenas', 'Lazaro Cardenas', '00000000-0000-0000-0000-000000000015', 'delegacion', 'MX', '02006-03', 'America/Tijuana', false, true),
('00000000-0000-0000-00d4-000000000004', 'Punta Prieta', 'Punta Prieta', '00000000-0000-0000-0000-000000000015', 'delegacion', 'MX', '02006-04', 'America/Tijuana', false, true),
('00000000-0000-0000-00d4-000000000005', 'Bahía de los Ángeles', 'Bahia de los Angeles', '00000000-0000-0000-0000-000000000015', 'delegacion', 'MX', '02006-05', 'America/Tijuana', false, true),
('00000000-0000-0000-00d4-000000000006', 'El Mármol', 'El Marmol', '00000000-0000-0000-0000-000000000015', 'delegacion', 'MX', '02006-06', 'America/Tijuana', false, true),
('00000000-0000-0000-00d4-000000000007', 'Santa María', 'Santa Maria', '00000000-0000-0000-0000-000000000015', 'delegacion', 'MX', '02006-07', 'America/Tijuana', false, true),
('00000000-0000-0000-00d4-000000000008', 'Cataviña', 'Catavina', '00000000-0000-0000-0000-000000000015', 'delegacion', 'MX', '02006-08', 'America/Tijuana', false, true);

-- =============================================================================
-- 4. User Jurisdiction Assignments
-- =============================================================================

INSERT INTO user_jurisdictions (user_id, jurisdiction_id) VALUES
('00000000-0000-0000-0000-000000000004', '00000000-0000-0000-0000-000000000010'), -- Ana moderator → Tijuana
('00000000-0000-0000-0000-000000000005', '00000000-0000-0000-0000-000000000010'); -- Roberto government → Tijuana

-- =============================================================================
-- 4b. Jurisdiction Authorities (seeded into new table)
-- =============================================================================

-- Delete any migrated data from the migration script to avoid duplicates
DELETE FROM jurisdiction_authorities;

-- === State-level (Baja California) ===

-- SMADS - Dirección de Derecho y Bienestar Animal (escalation for all municipalities)
INSERT INTO jurisdiction_authorities (
  jurisdiction_id, authority_type, dependency_category,
  dependency_name, department_name, email, phone, url,
  handles_report_types, verification
) VALUES (
  '00000000-0000-0000-0000-000000000020',
  'escalation', 'smads',
  'Secretaría de Medio Ambiente y Desarrollo Sustentable',
  'Dirección de Derecho y Bienestar Animal',
  'bienestar.animal@bajacalifornia.gob.mx',
  '+526861211000',
  'https://www.bajacalifornia.gob.mx/smads',
  ARRAY['abuse', 'stray', 'missing', 'injured', 'zoonotic', 'dead_animal', 'dangerous_dog', 'distress'],
  'verified'
);

-- Fiscalía Especializada (criminal cases — state level)
INSERT INTO jurisdiction_authorities (
  jurisdiction_id, authority_type, dependency_category,
  dependency_name, department_name, email, phone, url,
  handles_report_types, verification
) VALUES (
  '00000000-0000-0000-0000-000000000020',
  'enforcement', 'fiscalia',
  'Fiscalía General del Estado de Baja California',
  'Fiscalía Especializada en Delitos contra el Medio Ambiente y Animales',
  'fiscalia.ambiental@bajacalifornia.gob.mx',
  '+526861211300',
  'https://www.fgebc.gob.mx',
  ARRAY['abuse'],
  'verified'
);

-- === Tijuana (02004) ===

-- Dept. Control Animal (primary)
INSERT INTO jurisdiction_authorities (
  jurisdiction_id, authority_type, dependency_category,
  dependency_name, department_name, email, phone, url,
  handles_report_types, verification
) VALUES (
  '00000000-0000-0000-0000-000000000010',
  'primary', 'control_animal',
  'Ayuntamiento de Tijuana',
  'Departamento de Control Animal',
  'control.animal@tijuana.gob.mx',
  '+526646888800',
  'https://www.tijuana.gob.mx',
  ARRAY['abuse', 'stray', 'missing', 'injured', 'dead_animal', 'dangerous_dog', 'distress'],
  'verified'
);

-- Seguridad Pública (enforcement — abuse, dangerous dogs)
INSERT INTO jurisdiction_authorities (
  jurisdiction_id, authority_type, dependency_category,
  dependency_name, department_name, email, phone, url,
  handles_report_types, verification
) VALUES (
  '00000000-0000-0000-0000-000000000010',
  'enforcement', 'seguridad_publica',
  'Secretaría de Seguridad Ciudadana de Tijuana',
  'Dirección de Seguridad Pública',
  'seguridad@tijuana.gob.mx',
  '+526646841300',
  'https://www.tijuana.gob.mx/seguridad',
  ARRAY['abuse', 'dangerous_dog'],
  'verified'
);

-- Juez Cívico (specialized — noise nuisance)
INSERT INTO jurisdiction_authorities (
  jurisdiction_id, authority_type, dependency_category,
  dependency_name, department_name, email, phone, url,
  handles_report_types, verification
) VALUES (
  '00000000-0000-0000-0000-000000000010',
  'specialized', 'seguridad_publica',
  'Juzgados Cívicos Municipales de Tijuana',
  'Juez Cívico',
  'juzgados.civicos@tijuana.gob.mx',
  '+526646841400',
  'https://www.tijuana.gob.mx/juzgados-civicos',
  ARRAY['noise_nuisance'],
  'verified'
);

-- === Mexicali (02002) ===

-- CEMCA (primary)
INSERT INTO jurisdiction_authorities (
  jurisdiction_id, authority_type, dependency_category,
  dependency_name, department_name, email, phone, url,
  handles_report_types, verification
) VALUES (
  '00000000-0000-0000-0000-000000000012',
  'primary', 'control_animal',
  'Ayuntamiento de Mexicali',
  'Centro Municipal de Control Animal (CEMCA)',
  'cemca@mexicali.gob.mx',
  '+526865522200',
  'https://www.mexicali.gob.mx',
  ARRAY['abuse', 'stray', 'missing', 'injured', 'dead_animal', 'dangerous_dog', 'distress'],
  'verified'
);

-- Seguridad Pública (enforcement)
INSERT INTO jurisdiction_authorities (
  jurisdiction_id, authority_type, dependency_category,
  dependency_name, department_name, email, phone, url,
  handles_report_types, verification
) VALUES (
  '00000000-0000-0000-0000-000000000012',
  'enforcement', 'seguridad_publica',
  'Dirección de Seguridad Pública Municipal de Mexicali',
  NULL,
  'seguridad@mexicali.gob.mx',
  '+526865522300',
  'https://www.mexicali.gob.mx/seguridad',
  ARRAY['abuse', 'dangerous_dog'],
  'verified'
);

-- === Ensenada (02001) ===

-- Dirección de Ecología (primary)
INSERT INTO jurisdiction_authorities (
  jurisdiction_id, authority_type, dependency_category,
  dependency_name, department_name, email, phone, url,
  handles_report_types, verification
) VALUES (
  '00000000-0000-0000-0000-000000000013',
  'primary', 'ecologia',
  'Ayuntamiento de Ensenada',
  'Dirección de Ecología',
  'ecologia@ensenada.gob.mx',
  '+526461780100',
  'https://www.ensenada.gob.mx',
  ARRAY['abuse', 'stray', 'missing', 'injured', 'dead_animal', 'distress', 'wildlife'],
  'verified'
);

-- Dirección de Seguridad Pública (enforcement)
INSERT INTO jurisdiction_authorities (
  jurisdiction_id, authority_type, dependency_category,
  dependency_name, department_name, email, phone, url,
  handles_report_types, verification
) VALUES (
  '00000000-0000-0000-0000-000000000013',
  'enforcement', 'seguridad_publica',
  'Dirección de Seguridad Pública de Ensenada',
  NULL,
  'seguridad@ensenada.gob.mx',
  '+526461780200',
  'https://www.ensenada.gob.mx/seguridad',
  ARRAY['abuse', 'dangerous_dog'],
  'verified'
);

-- Servicios Médicos (specialized — zoonotic)
INSERT INTO jurisdiction_authorities (
  jurisdiction_id, authority_type, dependency_category,
  dependency_name, department_name, email, phone, url,
  handles_report_types, verification
) VALUES (
  '00000000-0000-0000-0000-000000000013',
  'specialized', 'salud',
  'Servicios Médicos Municipales de Ensenada',
  NULL,
  'salud@ensenada.gob.mx',
  '+526461780300',
  'https://www.ensenada.gob.mx/salud',
  ARRAY['zoonotic'],
  'unverified'
);

-- === Tecate (02003) ===

-- Dept. Ecología (primary, only authority)
INSERT INTO jurisdiction_authorities (
  jurisdiction_id, authority_type, dependency_category,
  dependency_name, department_name, email, phone, url,
  handles_report_types, verification
) VALUES (
  '00000000-0000-0000-0000-000000000014',
  'primary', 'ecologia',
  'Ayuntamiento de Tecate',
  'Departamento de Ecología',
  'ecologia@tecate.gob.mx',
  '+526656543300',
  'https://www.tecate.gob.mx',
  ARRAY['abuse', 'stray', 'missing', 'injured', 'dead_animal', 'dangerous_dog', 'distress'],
  'unverified'
);

-- === Playas de Rosarito (02005) ===

-- Dept. Control Animal (primary)
INSERT INTO jurisdiction_authorities (
  jurisdiction_id, authority_type, dependency_category,
  dependency_name, department_name, email, phone, url,
  handles_report_types, verification
) VALUES (
  '00000000-0000-0000-0000-000000000011',
  'primary', 'control_animal',
  'Ayuntamiento de Playas de Rosarito',
  'Departamento de Control Animal',
  'control.animal@rosarito.gob.mx',
  '+526613612000',
  'https://www.rosarito.gob.mx',
  ARRAY['abuse', 'stray', 'missing', 'injured', 'dead_animal', 'dangerous_dog', 'distress'],
  'unverified'
);

-- === San Quintín (02006) & San Felipe (02007) ===
-- No local animal authority — state-level SMADS is the fallback

-- =============================================================================
-- 5. Cases (30 total: 25 original + 5 new injured cases)
-- =============================================================================

-- Case 1: Stray dog - Zona Centro - pending - María
INSERT INTO cases (
  id,
  reporter_id,
  category,
  animal_type,
  description,
  location,
  jurisdiction_id,
  urgency,
  status,
  created_at,
  updated_at
)
VALUES (
  '00000000-0000-0000-0001-000000000001',
  '00000000-0000-0000-0000-000000000002',
  'stray',
  'dog',
  'Perro callejero con pata lesionada avistado cerca del mercado en Avenida Revolución. Parece estar cojeando y con dolor.',
  ST_SetSRID(ST_MakePoint(-117.0195, 32.5270), 4326)::geography,
  '00000000-0000-0000-0000-000000000010',
  'high',
  'pending',
  now() - interval '2 days',
  now() - interval '2 days'
);

-- Case 2: Abuse - Playas de Tijuana - verified - Carlos - folio TIJ-2025-000001
INSERT INTO cases (
  id,
  reporter_id,
  category,
  animal_type,
  description,
  location,
  jurisdiction_id,
  urgency,
  status,
  folio,
  created_at,
  updated_at
)
VALUES (
  '00000000-0000-0000-0001-000000000002',
  '00000000-0000-0000-0000-000000000003',
  'abuse',
  'dog',
  'Posible maltrato animal reportado - perro encadenado afuera sin refugio ni agua. Los vecinos reportan ladridos constantes y angustia.',
  ST_SetSRID(ST_MakePoint(-117.1232, 32.5218), 4326)::geography,
  '00000000-0000-0000-0000-000000000010',
  'critical',
  'verified',
  'TIJ-2025-000001',
  now() - interval '5 days',
  now() - interval '4 days'
);

-- Case 3: Missing cat - Zona Río - in_progress - María - folio TIJ-2025-000002
INSERT INTO cases (
  id,
  reporter_id,
  category,
  animal_type,
  description,
  location,
  jurisdiction_id,
  urgency,
  status,
  folio,
  created_at,
  updated_at
)
VALUES (
  '00000000-0000-0000-0001-000000000003',
  '00000000-0000-0000-0000-000000000002',
  'missing',
  'cat',
  'Gato atigrado perdido, visto por última vez cerca del Parque Morelos. Rayas naranjas y blancas, usa collar azul con cascabel.',
  ST_SetSRID(ST_MakePoint(-117.0102, 32.5172), 4326)::geography,
  '00000000-0000-0000-0000-000000000010',
  'medium',
  'in_progress',
  'TIJ-2025-000002',
  now() - interval '7 days',
  now() - interval '6 days'
);

-- Case 4: Stray - Otay - pending - Carlos
INSERT INTO cases (
  id,
  reporter_id,
  category,
  animal_type,
  description,
  location,
  jurisdiction_id,
  urgency,
  status,
  created_at,
  updated_at
)
VALUES (
  '00000000-0000-0000-0001-000000000004',
  '00000000-0000-0000-0000-000000000003',
  'stray',
  'dog',
  'Manada de 3 perros callejeros deambulando cerca de escuela primaria. Parecen amigables pero pueden representar preocupaciones de seguridad para los niños.',
  ST_SetSRID(ST_MakePoint(-116.9602, 32.5448), 4326)::geography,
  '00000000-0000-0000-0000-000000000010',
  'high',
  'pending',
  now() - interval '3 days',
  now() - interval '3 days'
);

-- Case 5: Abuse - La Mesa - resolved - Admin - folio TIJ-2025-000003
INSERT INTO cases (
  id,
  reporter_id,
  category,
  animal_type,
  description,
  location,
  jurisdiction_id,
  urgency,
  status,
  folio,
  created_at,
  updated_at
)
VALUES (
  '00000000-0000-0000-0001-000000000005',
  '00000000-0000-0000-0000-000000000001',
  'abuse',
  'cat',
  'Gato atrapado en azotea por 2 días, el dueño no puede alcanzarlo. Parece deshidratado y angustiado.',
  ST_SetSRID(ST_MakePoint(-116.9498, 32.5102), 4326)::geography,
  '00000000-0000-0000-0000-000000000010',
  'medium',
  'resolved',
  'TIJ-2025-000003',
  now() - interval '15 days',
  now() - interval '10 days'
);

-- Case 6: Stray - Zona Norte - verified - Laura - folio TIJ-2025-000004
INSERT INTO cases (
  id,
  reporter_id,
  category,
  animal_type,
  description,
  location,
  jurisdiction_id,
  urgency,
  status,
  folio,
  created_at,
  updated_at
)
VALUES (
  '00000000-0000-0000-0001-000000000006',
  '00000000-0000-0000-0000-000000000006',
  'stray',
  'dog',
  'Perro callejero herido escondiéndose bajo autos estacionados. Tiene heridas visibles y está muy asustado de las personas.',
  ST_SetSRID(ST_MakePoint(-117.0228, 32.5352), 4326)::geography,
  '00000000-0000-0000-0000-000000000010',
  'critical',
  'verified',
  'TIJ-2025-000004',
  now() - interval '4 days',
  now() - interval '3 days'
);

-- Case 7: Missing - Colonia Libertad - pending - María
INSERT INTO cases (
  id,
  reporter_id,
  category,
  animal_type,
  description,
  location,
  jurisdiction_id,
  urgency,
  status,
  created_at,
  updated_at
)
VALUES (
  '00000000-0000-0000-0001-000000000007',
  '00000000-0000-0000-0000-000000000002',
  'missing',
  'dog',
  'Chihuahua blanco pequeño perdido desde ayer. Usa arnés rosa, muy amigable y responde al nombre "Luna".',
  ST_SetSRID(ST_MakePoint(-117.0082, 32.5318), 4326)::geography,
  '00000000-0000-0000-0000-000000000010',
  'medium',
  'pending',
  now() - interval '1 day',
  now() - interval '1 day'
);

-- Case 8: Abuse - Hipódromo - in_progress - Carlos - folio TIJ-2025-000005
INSERT INTO cases (
  id,
  reporter_id,
  category,
  animal_type,
  description,
  location,
  jurisdiction_id,
  urgency,
  status,
  folio,
  created_at,
  updated_at
)
VALUES (
  '00000000-0000-0000-0001-000000000008',
  '00000000-0000-0000-0000-000000000003',
  'abuse',
  'dog',
  'Perro dejado en auto caliente en estacionamiento. Ventanas apenas abiertas, el perro parece estar jadeando fuertemente.',
  ST_SetSRID(ST_MakePoint(-117.0252, 32.5088), 4326)::geography,
  '00000000-0000-0000-0000-000000000010',
  'critical',
  'in_progress',
  'TIJ-2025-000005',
  now() - interval '6 hours',
  now() - interval '5 hours'
);

-- Case 9: Stray - Chapultepec - pending - María
INSERT INTO cases (
  id,
  reporter_id,
  category,
  animal_type,
  description,
  location,
  jurisdiction_id,
  urgency,
  status,
  created_at,
  updated_at
)
VALUES (
  '00000000-0000-0000-0001-000000000009',
  '00000000-0000-0000-0000-000000000002',
  'stray',
  'cat',
  'Múltiples gatos callejeros viviendo en edificio abandonado. Parecen desnutridos y algunos se ven enfermos.',
  ST_SetSRID(ST_MakePoint(-117.0348, 32.5152), 4326)::geography,
  '00000000-0000-0000-0000-000000000010',
  'medium',
  'pending',
  now() - interval '8 days',
  now() - interval '8 days'
);

-- Case 10: Missing - Cacho - resolved - Admin - folio TIJ-2025-000006
INSERT INTO cases (
  id,
  reporter_id,
  category,
  animal_type,
  description,
  location,
  jurisdiction_id,
  urgency,
  status,
  folio,
  created_at,
  updated_at
)
VALUES (
  '00000000-0000-0000-0001-000000000010',
  '00000000-0000-0000-0000-000000000001',
  'missing',
  'cat',
  'Gato negro con patas blancas perdido. Visto por última vez en el vecindario, muy tímido pero tiene microchip.',
  ST_SetSRID(ST_MakePoint(-117.0178, 32.5082), 4326)::geography,
  '00000000-0000-0000-0000-000000000010',
  'low',
  'resolved',
  'TIJ-2025-000006',
  now() - interval '20 days',
  now() - interval '12 days'
);

-- Case 11: Stray - Sánchez Taboada - verified - Carlos - folio TIJ-2025-000007
INSERT INTO cases (
  id,
  reporter_id,
  category,
  animal_type,
  description,
  location,
  jurisdiction_id,
  urgency,
  status,
  folio,
  created_at,
  updated_at
)
VALUES (
  '00000000-0000-0000-0001-000000000011',
  '00000000-0000-0000-0000-000000000003',
  'stray',
  'dog',
  'Perra callejera preñada buscando refugio cerca de sitio de construcción. Necesita rescate inmediato antes de dar a luz.',
  ST_SetSRID(ST_MakePoint(-116.9798, 32.4902), 4326)::geography,
  '00000000-0000-0000-0000-000000000010',
  'high',
  'verified',
  'TIJ-2025-000007',
  now() - interval '9 days',
  now() - interval '8 days'
);

-- Case 12: Abuse - Francisco Villa - in_progress - Laura - folio TIJ-2025-000008
INSERT INTO cases (
  id,
  reporter_id,
  category,
  animal_type,
  description,
  location,
  jurisdiction_id,
  urgency,
  status,
  folio,
  created_at,
  updated_at
)
VALUES (
  '00000000-0000-0000-0001-000000000012',
  '00000000-0000-0000-0000-000000000006',
  'abuse',
  'bird',
  'Loros en jaula muy pequeña, parece ser tráfico ilegal de fauna. Las aves se ven angustiadas y desnutridas.',
  ST_SetSRID(ST_MakePoint(-116.9702, 32.4798), 4326)::geography,
  '00000000-0000-0000-0000-000000000010',
  'high',
  'in_progress',
  'TIJ-2025-000008',
  now() - interval '11 days',
  now() - interval '10 days'
);

-- Case 13: Missing - El Florido - pending - María
INSERT INTO cases (
  id,
  reporter_id,
  category,
  animal_type,
  description,
  location,
  jurisdiction_id,
  urgency,
  status,
  created_at,
  updated_at
)
VALUES (
  '00000000-0000-0000-0001-000000000013',
  '00000000-0000-0000-0000-000000000002',
  'missing',
  'dog',
  'Golden retriever escapó del patio durante tormenta. Muy amigable, usa collar rojo con información de contacto.',
  ST_SetSRID(ST_MakePoint(-116.9198, 32.4702), 4326)::geography,
  '00000000-0000-0000-0000-000000000010',
  'medium',
  'pending',
  now() - interval '12 hours',
  now() - interval '12 hours'
);

-- Case 14: Stray - Zona Centro - resolved - Admin - folio TIJ-2025-000009
INSERT INTO cases (
  id,
  reporter_id,
  category,
  animal_type,
  description,
  location,
  jurisdiction_id,
  urgency,
  status,
  folio,
  created_at,
  updated_at
)
VALUES (
  '00000000-0000-0000-0001-000000000014',
  '00000000-0000-0000-0000-000000000001',
  'stray',
  'cat',
  'Gatito encontrado abandonado en caja de cartón cerca de estación del metro. Muy joven, necesita atención inmediata.',
  ST_SetSRID(ST_MakePoint(-117.0188, 32.5265), 4326)::geography,
  '00000000-0000-0000-0000-000000000010',
  'high',
  'resolved',
  'TIJ-2025-000009',
  now() - interval '18 days',
  now() - interval '16 days'
);

-- Case 15: Abuse - Playas de Tijuana - verified - Admin - folio TIJ-2025-000010
INSERT INTO cases (
  id,
  reporter_id,
  category,
  animal_type,
  description,
  location,
  jurisdiction_id,
  urgency,
  status,
  folio,
  created_at,
  updated_at
)
VALUES (
  '00000000-0000-0000-0001-000000000015',
  '00000000-0000-0000-0000-000000000001',
  'abuse',
  'dog',
  'Perro mantenido en condiciones extremadamente insalubres. Heces por todas partes, no se ve agua limpia.',
  ST_SetSRID(ST_MakePoint(-117.1225, 32.5215), 4326)::geography,
  '00000000-0000-0000-0000-000000000010',
  'high',
  'verified',
  'TIJ-2025-000010',
  now() - interval '6 days',
  now() - interval '5 days'
);

-- Case 16: Missing - Zona Río - pending - María
INSERT INTO cases (
  id,
  reporter_id,
  category,
  animal_type,
  description,
  location,
  jurisdiction_id,
  urgency,
  status,
  created_at,
  updated_at
)
VALUES (
  '00000000-0000-0000-0001-000000000016',
  '00000000-0000-0000-0000-000000000002',
  'missing',
  'cat',
  'Gato siamés perdido del edificio de apartamentos. Gato de interior que escapó por la ventana.',
  ST_SetSRID(ST_MakePoint(-117.0095, 32.5168), 4326)::geography,
  '00000000-0000-0000-0000-000000000010',
  'low',
  'pending',
  now() - interval '4 days',
  now() - interval '4 days'
);

-- Case 17: Stray - Otay - in_progress - Carlos - folio TIJ-2025-000011
INSERT INTO cases (
  id,
  reporter_id,
  category,
  animal_type,
  description,
  location,
  jurisdiction_id,
  urgency,
  status,
  folio,
  created_at,
  updated_at
)
VALUES (
  '00000000-0000-0000-0001-000000000017',
  '00000000-0000-0000-0000-000000000003',
  'stray',
  'dog',
  'Perro anciano deambulando por calle transitada, parece desorientado y en riesgo de ser atropellado.',
  ST_SetSRID(ST_MakePoint(-116.9595, 32.5455), 4326)::geography,
  '00000000-0000-0000-0000-000000000010',
  'critical',
  'in_progress',
  'TIJ-2025-000011',
  now() - interval '14 hours',
  now() - interval '13 hours'
);

-- Case 18: Abuse - La Mesa - verified - Laura - folio TIJ-2025-000012
INSERT INTO cases (
  id,
  reporter_id,
  category,
  animal_type,
  description,
  location,
  jurisdiction_id,
  urgency,
  status,
  folio,
  created_at,
  updated_at
)
VALUES (
  '00000000-0000-0000-0001-000000000018',
  '00000000-0000-0000-0000-000000000006',
  'abuse',
  'other',
  'Conejo mantenido en jaula diminuta al aire libre sin sombra. Temperatura extremadamente alta, animal mostrando signos de estrés por calor.',
  ST_SetSRID(ST_MakePoint(-116.9505, 32.5095), 4326)::geography,
  '00000000-0000-0000-0000-000000000010',
  'high',
  'verified',
  'TIJ-2025-000012',
  now() - interval '10 days',
  now() - interval '9 days'
);

-- Case 19: Missing - Zona Norte - resolved - Admin - folio TIJ-2025-000013
INSERT INTO cases (
  id,
  reporter_id,
  category,
  animal_type,
  description,
  location,
  jurisdiction_id,
  urgency,
  status,
  folio,
  created_at,
  updated_at
)
VALUES (
  '00000000-0000-0000-0001-000000000019',
  '00000000-0000-0000-0000-000000000001',
  'missing',
  'dog',
  'Beagle escapó durante paseo, se salió del collar. Muy motivado por comida y amigable con personas.',
  ST_SetSRID(ST_MakePoint(-117.0235, 32.5345), 4326)::geography,
  '00000000-0000-0000-0000-000000000010',
  'medium',
  'resolved',
  'TIJ-2025-000013',
  now() - interval '25 days',
  now() - interval '22 days'
);

-- Case 20: Stray - Colonia Libertad - pending - María
INSERT INTO cases (
  id,
  reporter_id,
  category,
  animal_type,
  description,
  location,
  jurisdiction_id,
  urgency,
  status,
  created_at,
  updated_at
)
VALUES (
  '00000000-0000-0000-0001-000000000020',
  '00000000-0000-0000-0000-000000000002',
  'stray',
  'cat',
  'Gato herido con ojo dañado avistado en callejón. Necesita atención veterinaria urgentemente.',
  ST_SetSRID(ST_MakePoint(-117.0075, 32.5325), 4326)::geography,
  '00000000-0000-0000-0000-000000000010',
  'high',
  'pending',
  now() - interval '1 day',
  now() - interval '1 day'
);

-- Case 21: Abuse - Hipódromo - in_progress - Carlos - folio TIJ-2025-000014
INSERT INTO cases (
  id,
  reporter_id,
  category,
  animal_type,
  description,
  location,
  jurisdiction_id,
  urgency,
  status,
  folio,
  created_at,
  updated_at
)
VALUES (
  '00000000-0000-0000-0001-000000000021',
  '00000000-0000-0000-0000-000000000003',
  'abuse',
  'dog',
  'Perro usado para entrenamiento de peleas. Múltiples cicatrices visibles, comportamiento muy agresivo indicando maltrato.',
  ST_SetSRID(ST_MakePoint(-117.0245, 32.5092), 4326)::geography,
  '00000000-0000-0000-0000-000000000010',
  'critical',
  'in_progress',
  'TIJ-2025-000014',
  now() - interval '13 days',
  now() - interval '12 days'
);

-- Case 22: Missing - Chapultepec - pending - María
INSERT INTO cases (
  id,
  reporter_id,
  category,
  animal_type,
  description,
  location,
  jurisdiction_id,
  urgency,
  status,
  created_at,
  updated_at
)
VALUES (
  '00000000-0000-0000-0001-000000000022',
  '00000000-0000-0000-0000-000000000002',
  'missing',
  'bird',
  'Cacatúa mascota escapó por puerta abierta. Plumas grises y amarillas, responde a silbidos.',
  ST_SetSRID(ST_MakePoint(-117.0355, 32.5148), 4326)::geography,
  '00000000-0000-0000-0000-000000000010',
  'low',
  'pending',
  now() - interval '3 days',
  now() - interval '3 days'
);

-- Case 23: Stray - Cacho - resolved - Admin - folio TIJ-2025-000015
INSERT INTO cases (
  id,
  reporter_id,
  category,
  animal_type,
  description,
  location,
  jurisdiction_id,
  urgency,
  status,
  folio,
  created_at,
  updated_at
)
VALUES (
  '00000000-0000-0000-0001-000000000023',
  '00000000-0000-0000-0000-000000000001',
  'stray',
  'dog',
  'Cachorro callejero encontrado cerca de contenedor de basura, aproximadamente 2-3 meses de edad. Necesita comida y refugio urgentemente.',
  ST_SetSRID(ST_MakePoint(-117.0172, 32.5078), 4326)::geography,
  '00000000-0000-0000-0000-000000000010',
  'medium',
  'resolved',
  'TIJ-2025-000015',
  now() - interval '28 days',
  now() - interval '25 days'
);

-- Case 24: Abuse - Sánchez Taboada - in_progress - Carlos - folio TIJ-2025-000016
INSERT INTO cases (
  id,
  reporter_id,
  category,
  animal_type,
  description,
  location,
  jurisdiction_id,
  urgency,
  status,
  folio,
  created_at,
  updated_at
)
VALUES (
  '00000000-0000-0000-0001-000000000024',
  '00000000-0000-0000-0000-000000000003',
  'abuse',
  'cat',
  'Múltiples gatos acumulados en residencia. Olor fuerte, los animales parecen enfermos y desnutridos.',
  ST_SetSRID(ST_MakePoint(-116.9805, 32.4898), 4326)::geography,
  '00000000-0000-0000-0000-000000000010',
  'high',
  'in_progress',
  'TIJ-2025-000016',
  now() - interval '17 days',
  now() - interval '16 days'
);

-- Case 25: Missing - Francisco Villa - pending - María
INSERT INTO cases (
  id,
  reporter_id,
  category,
  animal_type,
  description,
  location,
  jurisdiction_id,
  urgency,
  status,
  created_at,
  updated_at
)
VALUES (
  '00000000-0000-0000-0001-000000000025',
  '00000000-0000-0000-0000-000000000002',
  'missing',
  'dog',
  'Mezcla de husky perdido desde esta mañana. Ojos azules, pelaje gris y blanco, muy vocal.',
  ST_SetSRID(ST_MakePoint(-116.9695, 32.4805), 4326)::geography,
  '00000000-0000-0000-0000-000000000010',
  'medium',
  'pending',
  now() - interval '8 hours',
  now() - interval '8 hours'
);

-- Case 26: Injured - Zona Centro - verified - María - folio TIJ-2025-000017
INSERT INTO cases (
  id,
  reporter_id,
  category,
  animal_type,
  description,
  location,
  jurisdiction_id,
  urgency,
  status,
  folio,
  created_at,
  updated_at
)
VALUES (
  '00000000-0000-0000-0001-000000000026',
  '00000000-0000-0000-0000-000000000002',
  'injured',
  'dog',
  'Perro atropellado por auto en Boulevard Agua Caliente. Parece tener pata rota, no puede caminar. Está acostado en la banqueta.',
  ST_SetSRID(ST_MakePoint(-117.0150, 32.5200), 4326)::geography,
  '00000000-0000-0000-0000-000000000010',
  'high',
  'verified',
  'TIJ-2025-000017',
  now() - interval '2 days',
  now() - interval '1 day 18 hours'
);

-- Case 27: Injured - Otay - in_progress - Carlos - folio TIJ-2025-000018
INSERT INTO cases (
  id,
  reporter_id,
  category,
  animal_type,
  description,
  location,
  jurisdiction_id,
  urgency,
  status,
  folio,
  created_at,
  updated_at
)
VALUES (
  '00000000-0000-0000-0001-000000000027',
  '00000000-0000-0000-0000-000000000003',
  'injured',
  'cat',
  'Gato encontrado con quemaduras severas, posiblemente por químicos. Escondido bajo auto, necesita atención veterinaria inmediata.',
  ST_SetSRID(ST_MakePoint(-116.9550, 32.5400), 4326)::geography,
  '00000000-0000-0000-0000-000000000010',
  'critical',
  'in_progress',
  'TIJ-2025-000018',
  now() - interval '18 hours',
  now() - interval '17 hours'
);

-- Case 28: Injured - Playas de Rosarito - pending - Laura - NO FOLIO
INSERT INTO cases (
  id,
  reporter_id,
  category,
  animal_type,
  description,
  location,
  jurisdiction_id,
  urgency,
  status,
  created_at,
  updated_at
)
VALUES (
  '00000000-0000-0000-0001-000000000028',
  '00000000-0000-0000-0000-000000000006',
  'injured',
  'dog',
  'Cachorro encontrado en la playa con cortes profundos, posiblemente de alambre de púas. Sangrando y gimiendo.',
  ST_SetSRID(ST_MakePoint(-117.0600, 32.3600), 4326)::geography,
  '00000000-0000-0000-0000-000000000011',
  'high',
  'pending',
  now() - interval '6 hours',
  now() - interval '6 hours'
);

-- Case 29: Injured - Chapultepec - verified - María - folio TIJ-2025-000019
INSERT INTO cases (
  id,
  reporter_id,
  category,
  animal_type,
  description,
  location,
  jurisdiction_id,
  urgency,
  status,
  folio,
  created_at,
  updated_at
)
VALUES (
  '00000000-0000-0000-0001-000000000029',
  '00000000-0000-0000-0000-000000000002',
  'injured',
  'bird',
  'Pelícano herido encontrado en playa, parece tener hilo de pescar enrollado alrededor del ala.',
  ST_SetSRID(ST_MakePoint(-117.0340, 32.5145), 4326)::geography,
  '00000000-0000-0000-0000-000000000010',
  'medium',
  'verified',
  'TIJ-2025-000019',
  now() - interval '5 days',
  now() - interval '4 days 12 hours'
);

-- Case 30: Injured - Hipódromo - in_progress - Carlos - folio TIJ-2025-000020
INSERT INTO cases (
  id,
  reporter_id,
  category,
  animal_type,
  description,
  location,
  jurisdiction_id,
  urgency,
  status,
  folio,
  created_at,
  updated_at
)
VALUES (
  '00000000-0000-0000-0001-000000000030',
  '00000000-0000-0000-0000-000000000003',
  'injured',
  'dog',
  'Perro grande con herida abierta en costado, posiblemente de machete. Muy agresivo por el dolor, acercarse con precaución.',
  ST_SetSRID(ST_MakePoint(-117.0240, 32.5095), 4326)::geography,
  '00000000-0000-0000-0000-000000000010',
  'critical',
  'in_progress',
  'TIJ-2025-000020',
  now() - interval '1 day',
  now() - interval '23 hours'
);

-- =============================================================================
-- 6. Case Media (35 images across 15 cases)
-- =============================================================================

-- Case 1: Stray dog - 2 images
INSERT INTO case_media (case_id, url, type, thumbnail_url, sort_order) VALUES
('00000000-0000-0000-0001-000000000001', 'https://picsum.photos/seed/stray-dog-1/800/600', 'image', 'https://picsum.photos/seed/stray-dog-1/200/150', 0),
('00000000-0000-0000-0001-000000000001', 'https://picsum.photos/seed/stray-dog-1b/800/600', 'image', 'https://picsum.photos/seed/stray-dog-1b/200/150', 1);

-- Case 2: Abuse dog - 3 images
INSERT INTO case_media (case_id, url, type, thumbnail_url, sort_order) VALUES
('00000000-0000-0000-0001-000000000002', 'https://picsum.photos/seed/abuse-dog-2/800/600', 'image', 'https://picsum.photos/seed/abuse-dog-2/200/150', 0),
('00000000-0000-0000-0001-000000000002', 'https://picsum.photos/seed/abuse-dog-2b/800/600', 'image', 'https://picsum.photos/seed/abuse-dog-2b/200/150', 1),
('00000000-0000-0000-0001-000000000002', 'https://picsum.photos/seed/abuse-dog-2c/800/600', 'image', 'https://picsum.photos/seed/abuse-dog-2c/200/150', 2);

-- Case 3: Missing cat - 1 image
INSERT INTO case_media (case_id, url, type, thumbnail_url, sort_order) VALUES
('00000000-0000-0000-0001-000000000003', 'https://picsum.photos/seed/missing-cat-3/800/600', 'image', 'https://picsum.photos/seed/missing-cat-3/200/150', 0);

-- Case 6: Stray injured dog - 2 images
INSERT INTO case_media (case_id, url, type, thumbnail_url, sort_order) VALUES
('00000000-0000-0000-0001-000000000006', 'https://picsum.photos/seed/stray-dog-6/800/600', 'image', 'https://picsum.photos/seed/stray-dog-6/200/150', 0),
('00000000-0000-0000-0001-000000000006', 'https://picsum.photos/seed/stray-dog-6b/800/600', 'image', 'https://picsum.photos/seed/stray-dog-6b/200/150', 1);

-- Case 7: Missing chihuahua - 2 images
INSERT INTO case_media (case_id, url, type, thumbnail_url, sort_order) VALUES
('00000000-0000-0000-0001-000000000007', 'https://picsum.photos/seed/missing-dog-7/800/600', 'image', 'https://picsum.photos/seed/missing-dog-7/200/150', 0),
('00000000-0000-0000-0001-000000000007', 'https://picsum.photos/seed/missing-dog-7b/800/600', 'image', 'https://picsum.photos/seed/missing-dog-7b/200/150', 1);

-- Case 8: Abuse dog in car - 3 images
INSERT INTO case_media (case_id, url, type, thumbnail_url, sort_order) VALUES
('00000000-0000-0000-0001-000000000008', 'https://picsum.photos/seed/abuse-car-8/800/600', 'image', 'https://picsum.photos/seed/abuse-car-8/200/150', 0),
('00000000-0000-0000-0001-000000000008', 'https://picsum.photos/seed/abuse-car-8b/800/600', 'image', 'https://picsum.photos/seed/abuse-car-8b/200/150', 1),
('00000000-0000-0000-0001-000000000008', 'https://picsum.photos/seed/abuse-car-8c/800/600', 'image', 'https://picsum.photos/seed/abuse-car-8c/200/150', 2);

-- Case 11: Pregnant stray - 3 images
INSERT INTO case_media (case_id, url, type, thumbnail_url, sort_order) VALUES
('00000000-0000-0000-0001-000000000011', 'https://picsum.photos/seed/pregnant-dog-11/800/600', 'image', 'https://picsum.photos/seed/pregnant-dog-11/200/150', 0),
('00000000-0000-0000-0001-000000000011', 'https://picsum.photos/seed/pregnant-dog-11b/800/600', 'image', 'https://picsum.photos/seed/pregnant-dog-11b/200/150', 1),
('00000000-0000-0000-0001-000000000011', 'https://picsum.photos/seed/pregnant-dog-11c/800/600', 'image', 'https://picsum.photos/seed/pregnant-dog-11c/200/150', 2);

-- Case 12: Parrots in cage - 2 images
INSERT INTO case_media (case_id, url, type, thumbnail_url, sort_order) VALUES
('00000000-0000-0000-0001-000000000012', 'https://picsum.photos/seed/parrots-12/800/600', 'image', 'https://picsum.photos/seed/parrots-12/200/150', 0),
('00000000-0000-0000-0001-000000000012', 'https://picsum.photos/seed/parrots-12b/800/600', 'image', 'https://picsum.photos/seed/parrots-12b/200/150', 1);

-- Case 14: Abandoned kitten - 2 images
INSERT INTO case_media (case_id, url, type, thumbnail_url, sort_order) VALUES
('00000000-0000-0000-0001-000000000014', 'https://picsum.photos/seed/kitten-14/800/600', 'image', 'https://picsum.photos/seed/kitten-14/200/150', 0),
('00000000-0000-0000-0001-000000000014', 'https://picsum.photos/seed/kitten-14b/800/600', 'image', 'https://picsum.photos/seed/kitten-14b/200/150', 1);

-- Case 15: Unsanitary conditions - 3 images
INSERT INTO case_media (case_id, url, type, thumbnail_url, sort_order) VALUES
('00000000-0000-0000-0001-000000000015', 'https://picsum.photos/seed/unsanitary-15/800/600', 'image', 'https://picsum.photos/seed/unsanitary-15/200/150', 0),
('00000000-0000-0000-0001-000000000015', 'https://picsum.photos/seed/unsanitary-15b/800/600', 'image', 'https://picsum.photos/seed/unsanitary-15b/200/150', 1),
('00000000-0000-0000-0001-000000000015', 'https://picsum.photos/seed/unsanitary-15c/800/600', 'image', 'https://picsum.photos/seed/unsanitary-15c/200/150', 2);

-- Case 20: Injured cat with damaged eye - 2 images
INSERT INTO case_media (case_id, url, type, thumbnail_url, sort_order) VALUES
('00000000-0000-0000-0001-000000000020', 'https://picsum.photos/seed/injured-cat-20/800/600', 'image', 'https://picsum.photos/seed/injured-cat-20/200/150', 0),
('00000000-0000-0000-0001-000000000020', 'https://picsum.photos/seed/injured-cat-20b/800/600', 'image', 'https://picsum.photos/seed/injured-cat-20b/200/150', 1);

-- Case 21: Fighting training - 3 images
INSERT INTO case_media (case_id, url, type, thumbnail_url, sort_order) VALUES
('00000000-0000-0000-0001-000000000021', 'https://picsum.photos/seed/fighting-dog-21/800/600', 'image', 'https://picsum.photos/seed/fighting-dog-21/200/150', 0),
('00000000-0000-0000-0001-000000000021', 'https://picsum.photos/seed/fighting-dog-21b/800/600', 'image', 'https://picsum.photos/seed/fighting-dog-21b/200/150', 1),
('00000000-0000-0000-0001-000000000021', 'https://picsum.photos/seed/fighting-dog-21c/800/600', 'image', 'https://picsum.photos/seed/fighting-dog-21c/200/150', 2);

-- Case 26: Injured dog hit by car - 2 images
INSERT INTO case_media (case_id, url, type, thumbnail_url, sort_order) VALUES
('00000000-0000-0000-0001-000000000026', 'https://picsum.photos/seed/hit-by-car-26/800/600', 'image', 'https://picsum.photos/seed/hit-by-car-26/200/150', 0),
('00000000-0000-0000-0001-000000000026', 'https://picsum.photos/seed/hit-by-car-26b/800/600', 'image', 'https://picsum.photos/seed/hit-by-car-26b/200/150', 1);

-- Case 27: Burned cat - 3 images
INSERT INTO case_media (case_id, url, type, thumbnail_url, sort_order) VALUES
('00000000-0000-0000-0001-000000000027', 'https://picsum.photos/seed/burned-cat-27/800/600', 'image', 'https://picsum.photos/seed/burned-cat-27/200/150', 0),
('00000000-0000-0000-0001-000000000027', 'https://picsum.photos/seed/burned-cat-27b/800/600', 'image', 'https://picsum.photos/seed/burned-cat-27b/200/150', 1),
('00000000-0000-0000-0001-000000000027', 'https://picsum.photos/seed/burned-cat-27c/800/600', 'image', 'https://picsum.photos/seed/burned-cat-27c/200/150', 2);

-- Case 30: Dog with machete wound - 2 images
INSERT INTO case_media (case_id, url, type, thumbnail_url, sort_order) VALUES
('00000000-0000-0000-0001-000000000030', 'https://picsum.photos/seed/machete-wound-30/800/600', 'image', 'https://picsum.photos/seed/machete-wound-30/200/150', 0),
('00000000-0000-0000-0001-000000000030', 'https://picsum.photos/seed/machete-wound-30b/800/600', 'image', 'https://picsum.photos/seed/machete-wound-30b/200/150', 1);

-- =============================================================================
-- 7. Case Subscriptions (cross-user only, auto_subscribe_reporter handles own cases)
-- =============================================================================

INSERT INTO case_subscriptions (user_id, case_id) VALUES
-- María subscribes to 5 cases by Carlos/Laura
('00000000-0000-0000-0000-000000000002', '00000000-0000-0000-0001-000000000002'),
('00000000-0000-0000-0000-000000000002', '00000000-0000-0000-0001-000000000004'),
('00000000-0000-0000-0000-000000000002', '00000000-0000-0000-0001-000000000006'),
('00000000-0000-0000-0000-000000000002', '00000000-0000-0000-0001-000000000011'),
('00000000-0000-0000-0000-000000000002', '00000000-0000-0000-0001-000000000018'),
-- Carlos subscribes to 3 cases by María
('00000000-0000-0000-0000-000000000003', '00000000-0000-0000-0001-000000000001'),
('00000000-0000-0000-0000-000000000003', '00000000-0000-0000-0001-000000000003'),
('00000000-0000-0000-0000-000000000003', '00000000-0000-0000-0001-000000000007'),
-- Admin subscribes to 2 additional cases
('00000000-0000-0000-0000-000000000001', '00000000-0000-0000-0001-000000000002'),
('00000000-0000-0000-0000-000000000001', '00000000-0000-0000-0001-000000000006')
ON CONFLICT DO NOTHING;

-- =============================================================================
-- 8. Case Flags (trigger auto-increments flag_count and creates flagged timeline)
-- =============================================================================

-- Case 9 (stray cats): 2 flags
INSERT INTO case_flags (case_id, reporter_id, reason) VALUES
('00000000-0000-0000-0001-000000000009', '00000000-0000-0000-0000-000000000003', 'Inaccurate location - building was demolished last month'),
('00000000-0000-0000-0001-000000000009', '00000000-0000-0000-0000-000000000006', 'Duplicate report - same situation reported in case nearby');

-- Case 20 (injured cat): 1 flag
INSERT INTO case_flags (case_id, reporter_id, reason) VALUES
('00000000-0000-0000-0001-000000000020', '00000000-0000-0000-0000-000000000006', 'Photo appears to be from internet, not original');

-- =============================================================================
-- 9. Donations (15 total: 6 Mercado Pago, 4 Stripe, 3 OXXO, 2 SPEI)
-- =============================================================================

INSERT INTO donations (amount, currency, method, donor_id, recurring, external_id, status, created_at) VALUES
-- Mercado Pago (6)
(500.00, 'MXN', 'mercado_pago', '00000000-0000-0000-0000-000000000002', false, 'mp_pay_001', 'approved', now() - interval '3 days'),
(1000.00, 'MXN', 'mercado_pago', '00000000-0000-0000-0000-000000000003', true, 'mp_pay_002', 'approved', now() - interval '10 days'),
(200.00, 'MXN', 'mercado_pago', '00000000-0000-0000-0000-000000000002', false, 'mp_pay_003', 'approved', now() - interval '20 days'),
(2000.00, 'MXN', 'mercado_pago', NULL, false, 'mp_pay_004', 'approved', now() - interval '35 days'),
(150.00, 'MXN', 'mercado_pago', '00000000-0000-0000-0000-000000000006', false, 'mp_pay_005', 'pending', now() - interval '1 day'),
(100.00, 'MXN', 'mercado_pago', NULL, false, 'mp_pay_006', 'pending', now() - interval '2 hours'),

-- Stripe (4)
(1500.00, 'MXN', 'stripe', '00000000-0000-0000-0000-000000000003', false, 'pi_stripe_001', 'approved', now() - interval '7 days'),
(5000.00, 'MXN', 'stripe', '00000000-0000-0000-0000-000000000002', true, 'pi_stripe_002', 'approved', now() - interval '15 days'),
(500.00, 'MXN', 'stripe', NULL, false, 'pi_stripe_003', 'approved', now() - interval '25 days'),
(50.00, 'USD', 'stripe', '00000000-0000-0000-0000-000000000006', false, 'pi_stripe_004', 'approved', now() - interval '40 days'),

-- OXXO (3)
(300.00, 'MXN', 'oxxo', '00000000-0000-0000-0000-000000000002', false, 'oxxo_ref_001', 'approved', now() - interval '5 days'),
(250.00, 'MXN', 'oxxo', '00000000-0000-0000-0000-000000000003', false, 'oxxo_ref_002', 'pending', now() - interval '12 hours'),
(400.00, 'MXN', 'oxxo', NULL, false, 'oxxo_ref_003', 'rejected', now() - interval '8 days'),

-- SPEI (2)
(3000.00, 'MXN', 'spei', '00000000-0000-0000-0000-000000000003', true, 'spei_ref_001', 'approved', now() - interval '12 days'),
(1500.00, 'MXN', 'spei', '00000000-0000-0000-0000-000000000006', false, 'spei_ref_002', 'approved', now() - interval '30 days');

-- =============================================================================
-- 10. Enriched Timeline Entries
-- =============================================================================
-- Note: auto_create_timeline trigger creates 'created' entries automatically
-- We manually add verified/status_changed/escalated/government_response/comment/media_added entries

-- Case 2: Abuse - verified then escalated then government_response
INSERT INTO case_timeline (case_id, actor_id, action, details, created_at) VALUES
('00000000-0000-0000-0001-000000000002', '00000000-0000-0000-0000-000000000004', 'verified', '{"notes": "Location confirmed, forwarding to authorities"}'::jsonb, now() - interval '4 days');

INSERT INTO case_timeline (case_id, actor_id, action, details, created_at) VALUES
('00000000-0000-0000-0001-000000000002', '00000000-0000-0000-0000-000000000004', 'escalated', '{"authority": "Dirección de Bienestar Animal", "email": "bienestar.animal@tijuana.gob.mx"}'::jsonb, now() - interval '3 days');

INSERT INTO case_timeline (case_id, actor_id, action, details, created_at) VALUES
('00000000-0000-0000-0001-000000000002', '00000000-0000-0000-0000-000000000005', 'government_response', '{"text": "Inspectors dispatched to verify the complaint. Will follow up within 48 hours."}'::jsonb, now() - interval '2 days');

INSERT INTO case_timeline (case_id, actor_id, action, details, created_at) VALUES
('00000000-0000-0000-0001-000000000002', '00000000-0000-0000-0000-000000000003', 'media_added', '{"count": 3}'::jsonb, now() - interval '5 days');

INSERT INTO case_timeline (case_id, actor_id, action, details, created_at) VALUES
('00000000-0000-0000-0001-000000000002', '00000000-0000-0000-0000-000000000002', 'comment', '{"text": "I pass by this house daily and can confirm the dog is still chained outside"}'::jsonb, now() - interval '4 days 6 hours');

-- Case 3: Missing cat - verified then in_progress
INSERT INTO case_timeline (case_id, actor_id, action, details, created_at) VALUES
('00000000-0000-0000-0001-000000000003', '00000000-0000-0000-0000-000000000004', 'verified', '{"notes": "Owner information verified"}'::jsonb, now() - interval '6 days');

INSERT INTO case_timeline (case_id, actor_id, action, details, created_at) VALUES
('00000000-0000-0000-0001-000000000003', '00000000-0000-0000-0000-000000000004', 'status_changed', '{"from": "verified", "to": "in_progress", "notes": "Local volunteer searching neighborhood"}'::jsonb, now() - interval '5 days 12 hours');

INSERT INTO case_timeline (case_id, actor_id, action, details, created_at) VALUES
('00000000-0000-0000-0001-000000000003', '00000000-0000-0000-0000-000000000002', 'media_added', '{"count": 1}'::jsonb, now() - interval '7 days');

-- Case 5: Abuse - verified, in_progress, then resolved
INSERT INTO case_timeline (case_id, actor_id, action, details, created_at) VALUES
('00000000-0000-0000-0001-000000000005', '00000000-0000-0000-0000-000000000004', 'verified', '{"notes": "Emergency rescue needed"}'::jsonb, now() - interval '14 days');

INSERT INTO case_timeline (case_id, actor_id, action, details, created_at) VALUES
('00000000-0000-0000-0001-000000000005', '00000000-0000-0000-0000-000000000004', 'status_changed', '{"from": "verified", "to": "in_progress", "notes": "Fire department contacted for rooftop rescue"}'::jsonb, now() - interval '13 days');

INSERT INTO case_timeline (case_id, actor_id, action, details, created_at) VALUES
('00000000-0000-0000-0001-000000000005', '00000000-0000-0000-0000-000000000001', 'status_changed', '{"from": "in_progress", "to": "resolved", "notes": "Cat safely rescued and returned to owner"}'::jsonb, now() - interval '10 days');

-- Case 6: Stray - verified
INSERT INTO case_timeline (case_id, actor_id, action, details, created_at) VALUES
('00000000-0000-0000-0001-000000000006', '00000000-0000-0000-0000-000000000004', 'verified', '{"notes": "Critical condition confirmed, rescue team dispatched"}'::jsonb, now() - interval '3 days');

INSERT INTO case_timeline (case_id, actor_id, action, details, created_at) VALUES
('00000000-0000-0000-0001-000000000006', '00000000-0000-0000-0000-000000000006', 'media_added', '{"count": 2}'::jsonb, now() - interval '4 days');

INSERT INTO case_timeline (case_id, actor_id, action, details, created_at) VALUES
('00000000-0000-0000-0001-000000000006', '00000000-0000-0000-0000-000000000004', 'comment', '{"text": "Dog is very scared but accepted food from volunteer"}'::jsonb, now() - interval '3 days 6 hours');

-- Case 8: Abuse - verified then in_progress
INSERT INTO case_timeline (case_id, actor_id, action, details, created_at) VALUES
('00000000-0000-0000-0001-000000000008', '00000000-0000-0000-0000-000000000004', 'verified', '{"notes": "Police notified, immediate response required"}'::jsonb, now() - interval '5 hours 30 minutes');

INSERT INTO case_timeline (case_id, actor_id, action, details, created_at) VALUES
('00000000-0000-0000-0001-000000000008', '00000000-0000-0000-0000-000000000005', 'status_changed', '{"from": "verified", "to": "in_progress", "notes": "Police on scene"}'::jsonb, now() - interval '5 hours');

INSERT INTO case_timeline (case_id, actor_id, action, details, created_at) VALUES
('00000000-0000-0000-0001-000000000008', '00000000-0000-0000-0000-000000000003', 'media_added', '{"count": 3}'::jsonb, now() - interval '6 hours');

-- Case 10: Missing - verified, in_progress, resolved
INSERT INTO case_timeline (case_id, actor_id, action, details, created_at) VALUES
('00000000-0000-0000-0001-000000000010', '00000000-0000-0000-0000-000000000004', 'verified', '{"notes": "Microchip information verified"}'::jsonb, now() - interval '19 days');

INSERT INTO case_timeline (case_id, actor_id, action, details, created_at) VALUES
('00000000-0000-0000-0001-000000000010', '00000000-0000-0000-0000-000000000004', 'status_changed', '{"from": "verified", "to": "in_progress", "notes": "Cat spotted two blocks away"}'::jsonb, now() - interval '15 days');

INSERT INTO case_timeline (case_id, actor_id, action, details, created_at) VALUES
('00000000-0000-0000-0001-000000000010', '00000000-0000-0000-0000-000000000001', 'status_changed', '{"from": "in_progress", "to": "resolved", "notes": "Cat safely recovered and returned home"}'::jsonb, now() - interval '12 days');

-- Case 11: Stray - verified
INSERT INTO case_timeline (case_id, actor_id, action, details, created_at) VALUES
('00000000-0000-0000-0001-000000000011', '00000000-0000-0000-0000-000000000004', 'verified', '{"notes": "Pregnant dog confirmed, emergency shelter arranged"}'::jsonb, now() - interval '8 days');

INSERT INTO case_timeline (case_id, actor_id, action, details, created_at) VALUES
('00000000-0000-0000-0001-000000000011', '00000000-0000-0000-0000-000000000003', 'media_added', '{"count": 3}'::jsonb, now() - interval '9 days');

INSERT INTO case_timeline (case_id, actor_id, action, details, created_at) VALUES
('00000000-0000-0000-0001-000000000011', '00000000-0000-0000-0000-000000000004', 'comment', '{"text": "Contacted local rescue group, they can take her in once she gives birth"}'::jsonb, now() - interval '7 days');

-- Case 12: Abuse - verified then in_progress
INSERT INTO case_timeline (case_id, actor_id, action, details, created_at) VALUES
('00000000-0000-0000-0001-000000000012', '00000000-0000-0000-0000-000000000004', 'verified', '{"notes": "Wildlife authorities contacted"}'::jsonb, now() - interval '10 days 12 hours');

INSERT INTO case_timeline (case_id, actor_id, action, details, created_at) VALUES
('00000000-0000-0000-0001-000000000012', '00000000-0000-0000-0000-000000000005', 'status_changed', '{"from": "verified", "to": "in_progress", "notes": "PROFEPA investigating"}'::jsonb, now() - interval '10 days');

INSERT INTO case_timeline (case_id, actor_id, action, details, created_at) VALUES
('00000000-0000-0000-0001-000000000012', '00000000-0000-0000-0000-000000000006', 'media_added', '{"count": 2}'::jsonb, now() - interval '11 days');

-- Case 14: Stray - verified, in_progress, resolved
INSERT INTO case_timeline (case_id, actor_id, action, details, created_at) VALUES
('00000000-0000-0000-0001-000000000014', '00000000-0000-0000-0000-000000000004', 'verified', '{"notes": "Kitten needs immediate veterinary care"}'::jsonb, now() - interval '17 days');

INSERT INTO case_timeline (case_id, actor_id, action, details, created_at) VALUES
('00000000-0000-0000-0001-000000000014', '00000000-0000-0000-0000-000000000004', 'status_changed', '{"from": "verified", "to": "in_progress", "notes": "Kitten picked up by volunteer, en route to vet"}'::jsonb, now() - interval '16 days 18 hours');

INSERT INTO case_timeline (case_id, actor_id, action, details, created_at) VALUES
('00000000-0000-0000-0001-000000000014', '00000000-0000-0000-0000-000000000001', 'status_changed', '{"from": "in_progress", "to": "resolved", "notes": "Kitten healthy and placed in foster home"}'::jsonb, now() - interval '16 days');

INSERT INTO case_timeline (case_id, actor_id, action, details, created_at) VALUES
('00000000-0000-0000-0001-000000000014', '00000000-0000-0000-0000-000000000001', 'media_added', '{"count": 2}'::jsonb, now() - interval '18 days');

-- Case 15: Abuse - verified then escalated
INSERT INTO case_timeline (case_id, actor_id, action, details, created_at) VALUES
('00000000-0000-0000-0001-000000000015', '00000000-0000-0000-0000-000000000004', 'verified', '{"notes": "Severe neglect confirmed, animal control notified"}'::jsonb, now() - interval '5 days');

INSERT INTO case_timeline (case_id, actor_id, action, details, created_at) VALUES
('00000000-0000-0000-0001-000000000015', '00000000-0000-0000-0000-000000000004', 'escalated', '{"authority": "Dirección de Bienestar Animal", "email": "bienestar.animal@tijuana.gob.mx"}'::jsonb, now() - interval '4 days');

INSERT INTO case_timeline (case_id, actor_id, action, details, created_at) VALUES
('00000000-0000-0000-0001-000000000015', '00000000-0000-0000-0000-000000000001', 'media_added', '{"count": 3}'::jsonb, now() - interval '6 days');

INSERT INTO case_timeline (case_id, actor_id, action, details, created_at) VALUES
('00000000-0000-0000-0001-000000000015', '00000000-0000-0000-0000-000000000004', 'comment', '{"text": "Owner has been notified and given 48 hours to improve conditions"}'::jsonb, now() - interval '5 days 6 hours');

-- Case 17: Stray - verified then in_progress
INSERT INTO case_timeline (case_id, actor_id, action, details, created_at) VALUES
('00000000-0000-0000-0001-000000000017', '00000000-0000-0000-0000-000000000004', 'verified', '{"notes": "Elderly dog in traffic confirmed, urgent rescue needed"}'::jsonb, now() - interval '13 hours 30 minutes');

INSERT INTO case_timeline (case_id, actor_id, action, details, created_at) VALUES
('00000000-0000-0000-0001-000000000017', '00000000-0000-0000-0000-000000000004', 'status_changed', '{"from": "verified", "to": "in_progress", "notes": "Volunteer on location attempting safe capture"}'::jsonb, now() - interval '13 hours');

-- Case 18: Abuse - verified
INSERT INTO case_timeline (case_id, actor_id, action, details, created_at) VALUES
('00000000-0000-0000-0001-000000000018', '00000000-0000-0000-0000-000000000004', 'verified', '{"notes": "Heat stress confirmed, animal welfare check scheduled"}'::jsonb, now() - interval '9 days');

-- Case 19: Missing - verified, in_progress, resolved
INSERT INTO case_timeline (case_id, actor_id, action, details, created_at) VALUES
('00000000-0000-0000-0001-000000000019', '00000000-0000-0000-0000-000000000004', 'verified', '{"notes": "Owner information verified, search area identified"}'::jsonb, now() - interval '24 days');

INSERT INTO case_timeline (case_id, actor_id, action, details, created_at) VALUES
('00000000-0000-0000-0001-000000000019', '00000000-0000-0000-0000-000000000004', 'status_changed', '{"from": "verified", "to": "in_progress", "notes": "Beagle sighted near taco stand, volunteers searching"}'::jsonb, now() - interval '23 days');

INSERT INTO case_timeline (case_id, actor_id, action, details, created_at) VALUES
('00000000-0000-0000-0001-000000000019', '00000000-0000-0000-0000-000000000001', 'status_changed', '{"from": "in_progress", "to": "resolved", "notes": "Beagle caught with treats and returned to owner"}'::jsonb, now() - interval '22 days');

-- Case 21: Abuse - verified then in_progress
INSERT INTO case_timeline (case_id, actor_id, action, details, created_at) VALUES
('00000000-0000-0000-0001-000000000021', '00000000-0000-0000-0000-000000000004', 'verified', '{"notes": "Fighting training confirmed, authorities alerted"}'::jsonb, now() - interval '12 days 12 hours');

INSERT INTO case_timeline (case_id, actor_id, action, details, created_at) VALUES
('00000000-0000-0000-0001-000000000021', '00000000-0000-0000-0000-000000000005', 'status_changed', '{"from": "verified", "to": "in_progress", "notes": "Criminal investigation underway"}'::jsonb, now() - interval '12 days');

INSERT INTO case_timeline (case_id, actor_id, action, details, created_at) VALUES
('00000000-0000-0000-0001-000000000021', '00000000-0000-0000-0000-000000000003', 'media_added', '{"count": 3}'::jsonb, now() - interval '13 days');

-- Case 23: Stray - verified, in_progress, resolved
INSERT INTO case_timeline (case_id, actor_id, action, details, created_at) VALUES
('00000000-0000-0000-0001-000000000023', '00000000-0000-0000-0000-000000000004', 'verified', '{"notes": "Puppy condition assessed, needs immediate care"}'::jsonb, now() - interval '27 days');

INSERT INTO case_timeline (case_id, actor_id, action, details, created_at) VALUES
('00000000-0000-0000-0001-000000000023', '00000000-0000-0000-0000-000000000004', 'status_changed', '{"from": "verified", "to": "in_progress", "notes": "Puppy taken to vet for checkup"}'::jsonb, now() - interval '26 days');

INSERT INTO case_timeline (case_id, actor_id, action, details, created_at) VALUES
('00000000-0000-0000-0001-000000000023', '00000000-0000-0000-0000-000000000001', 'status_changed', '{"from": "in_progress", "to": "resolved", "notes": "Puppy healthy, vaccinated, and adopted"}'::jsonb, now() - interval '25 days');

-- Case 24: Abuse - verified then in_progress
INSERT INTO case_timeline (case_id, actor_id, action, details, created_at) VALUES
('00000000-0000-0000-0001-000000000024', '00000000-0000-0000-0000-000000000004', 'verified', '{"notes": "Hoarding situation confirmed, health hazard"}'::jsonb, now() - interval '16 days 12 hours');

INSERT INTO case_timeline (case_id, actor_id, action, details, created_at) VALUES
('00000000-0000-0000-0001-000000000024', '00000000-0000-0000-0000-000000000005', 'status_changed', '{"from": "verified", "to": "in_progress", "notes": "Animal control working with owner on rehoming plan"}'::jsonb, now() - interval '16 days');

-- Case 26: Injured dog hit by car - verified
INSERT INTO case_timeline (case_id, actor_id, action, details, created_at) VALUES
('00000000-0000-0000-0001-000000000026', '00000000-0000-0000-0000-000000000004', 'verified', '{"notes": "Injury confirmed, rescue team dispatched"}'::jsonb, now() - interval '1 day 18 hours');

INSERT INTO case_timeline (case_id, actor_id, action, details, created_at) VALUES
('00000000-0000-0000-0001-000000000026', '00000000-0000-0000-0000-000000000002', 'media_added', '{"count": 2}'::jsonb, now() - interval '2 days');

-- Case 27: Burned cat - verified then in_progress
INSERT INTO case_timeline (case_id, actor_id, action, details, created_at) VALUES
('00000000-0000-0000-0001-000000000027', '00000000-0000-0000-0000-000000000004', 'verified', '{"notes": "Chemical burns confirmed, emergency vet transport arranged"}'::jsonb, now() - interval '17 hours 30 minutes');

INSERT INTO case_timeline (case_id, actor_id, action, details, created_at) VALUES
('00000000-0000-0000-0001-000000000027', '00000000-0000-0000-0000-000000000004', 'status_changed', '{"from": "verified", "to": "in_progress", "notes": "Cat in emergency care, condition critical"}'::jsonb, now() - interval '17 hours');

INSERT INTO case_timeline (case_id, actor_id, action, details, created_at) VALUES
('00000000-0000-0000-0001-000000000027', '00000000-0000-0000-0000-000000000003', 'media_added', '{"count": 3}'::jsonb, now() - interval '18 hours');

-- Case 29: Injured pelican - verified
INSERT INTO case_timeline (case_id, actor_id, action, details, created_at) VALUES
('00000000-0000-0000-0001-000000000029', '00000000-0000-0000-0000-000000000004', 'verified', '{"notes": "Wildlife rescue contacted for pelican rescue"}'::jsonb, now() - interval '4 days 12 hours');

-- Case 30: Dog with machete wound - verified then in_progress
INSERT INTO case_timeline (case_id, actor_id, action, details, created_at) VALUES
('00000000-0000-0000-0001-000000000030', '00000000-0000-0000-0000-000000000004', 'verified', '{"notes": "Severe injury confirmed, dangerous approach - animal control backup requested"}'::jsonb, now() - interval '23 hours 30 minutes');

INSERT INTO case_timeline (case_id, actor_id, action, details, created_at) VALUES
('00000000-0000-0000-0001-000000000030', '00000000-0000-0000-0000-000000000005', 'status_changed', '{"from": "verified", "to": "in_progress", "notes": "Animal control on scene with tranquilizer equipment"}'::jsonb, now() - interval '23 hours');

INSERT INTO case_timeline (case_id, actor_id, action, details, created_at) VALUES
('00000000-0000-0000-0001-000000000030', '00000000-0000-0000-0000-000000000003', 'media_added', '{"count": 2}'::jsonb, now() - interval '1 day');

-- Cross-user comments
INSERT INTO case_timeline (case_id, actor_id, action, details, created_at) VALUES
('00000000-0000-0000-0001-000000000001', '00000000-0000-0000-0000-000000000003', 'comment', '{"text": "I think I saw this dog near my work yesterday, might be moving around"}'::jsonb, now() - interval '1 day 12 hours');

-- =============================================================================
-- 11. Escalation Data
-- =============================================================================

-- Case 2: Escalated with government response
UPDATE cases SET
  escalated_at = now() - interval '3 days',
  escalation_email_id = 're_abc123',
  government_response_at = now() - interval '2 days',
  escalation_reminder_count = 1
WHERE id = '00000000-0000-0000-0001-000000000002';

-- Case 15: Escalated with reminders, no response yet
UPDATE cases SET
  escalated_at = now() - interval '4 days',
  escalation_email_id = 're_def456',
  escalation_reminder_count = 2,
  marked_unresponsive = false
WHERE id = '00000000-0000-0000-0001-000000000015';
